symbol,base,market_cap_usd,cg_id,cg_24h_volume_usd,binance_24h_quote_volume_usd
TUTUSDT,TUT,39590941,tutorial,156281670,85786398.71016
SNDKBUSDT,SNDKB,45481778,sandisk-bstocks-tokenized-stock,69227924,43617560.535858
REUSDT,RE,86533157,re,68664858,35706155.05275
PROMUSDT,PROM,66252847,prometeus,97261157,19274568.80402
SPCXBUSDT,SPCXB,71263985,spacex-bstocks-tokenized-stock,42576332,18877618.52731
CRCLBUSDT,CRCLB,83215749,circle-internet-group-bstock,20666720,15310777.5516
SPKUSDT,SPK,60422714,spark-2,60268374,15082535.460933
PORTALUSDT,PORTAL,15199616,portal-2,70344650,14445630.442371
STORJUSDT,STORJ,22974797,storj,96082388,10807384.3887
SUPERUSDT,SUPER,77119874,superfarm,63144133,10317587.4474
SNXXBUSDT,SNXXB,3728162,tradr-2x-long-sndk-etf-bstocks-tokenized-stock,32715452,10315286.7233
ACEUSDT,ACE,22907661,endurance,41872162,10111760.05363
SKHYBUSDT,SKHYB,34402826,sk-hynix-bstocks-tokenized-stock,16674108,8316704.29782
MUBUSDT,MUB,41731960,micron-technology-bstock,12841329,8095751.17437
ONGUSDT,ONG,39751437,ong,26372481,7788616.99617
AMPUSDT,AMP,44834233,amp-token,42059470,7441965.447549
COTIUSDT,COTI,37255683,coti,38293220,6734425.86255
HEMIUSDT,HEMI,7322398,hemi,21120692,6390959.305621
XUSDUSDT,XUSD,36195567,straitsx-xusd,8796913,5364472.5047
SOXLBUSDT,SOXLB,11737617,semicon-bull-3x-etf-bstocks-tokenized-stock,8897108,5311098.50202
GIGGLEUSDT,GIGGLE,35840839,giggle-fund,10818429,4542078.37513
ZENUSDT,ZEN,98623083,zencash,14063252,4315918.66694
EULUSDT,EUL,32361638,euler,16045500,3919536.62902
ORDIUSDT,ORDI,88165200,ordinals,20934626,3720351.53389
CHIPUSDT,CHIP,65358465,chip-2,14002954,3481284.94545
BANKUSDT,BANK,14979610,lorenzo-protocol,12619451,3291190.66644
KAITOUSDT,KAITO,81958775,kaito,39725697,3275742.23381
GALAUSDT,GALA,95659091,gala,41285976,3109510.992835
PLUMEUSDT,PLUME,88590999,plume,13784316,3023440.10423
PARTIUSDT,PARTI,5810473,particle-network,16881992,2989270.28991
BOMEUSDT,BOME,79387032,book-of-meme,50893997,2958917.977422
HOMEUSDT,HOME,27189102,home,16920331,2924278.3241
MEUSDT,ME,44154052,magic-eden,16173566,2769242.3077007
MINAUSDT,MINA,77539579,mina-protocol,13114190,2754747.56858
MUBARAKUSDT,MUBARAK,23865187,mubarak,12303027,2745844.419994
NVDABUSDT,NVDAB,10851971,nvidia-bstocks,7802445,2699769.25892
DEXEUSDT,DEXE,66309268,dexe,11544707,2664470.95492
SCRTUSDT,SCRT,25877247,secret,11370510,2652159.91065
SPELLUSDT,SPELL,15466799,spell-token,11629136,2644040.2128201
QQQBUSDT,QQQB,1312523,invesco-qqq-trust-bstocks-tokenized-stock,52763515,2629958.20485
TSTUSDT,TST,14575027,test-3,9385617,2574170.144413
ZKUSDT,ZK,92425017,zksync,10948076,2401268.086861
ALLOUSDT,ALLO,64379766,allora,8588638,2244743.49918
AIUSDT,AI,26231881,gensyn,4431957,2230218.76165
HEIUSDT,HEI,10594233,heima,8410846,2185018.08399
GOOGLBUSDT,GOOGLB,24509887,alphabet-bstocks-tokenized-stock,4130056,2161067.53127
KORUBUSDT,KORUB,2980012,south-korea-bull-3x-etf-bstocks-tokenized-stock,7052238,2133941.0238
SENTUSDT,SENT,90577411,sentient,14565449,2114485.2864
MEGAUSDT,MEGA,44901708,megaeth,8297570,2047404.821041
GPSUSDT,GPS,68943312,goplus-security,9021413,2033481.297617
NEIROUSDT,NEIRO,38255080,neiro-3,8261702,1991295.03688891
ERAUSDT,ERA,10196793,caldera,7705073,1905367.03426
NBISBUSDT,NBISB,9413496,nebius-bstocks-tokenized-stock,3462481,1899712.65435
PEOPLEUSDT,PEOPLE,50232111,constitutiondao,12220537,1894359.053673
AUDIOUSDT,AUDIO,18872536,audius,11105014,1815330.867284
PNUTUSDT,PNUT,51967343,peanut-the-squirrel,14677532,1719526.28591
BIOUSDT,BIO,63196665,bio-protocol,13739106,1699567.917396
ONTUSDT,ONT,50072862,ontology,11678413,1683845.65424
TSLABUSDT,TSLAB,15079193,tesla-bstocks-tokenized-stock,3944299,1662103.38201
CFGUSDT,CFG,53868646,centrifuge-2,8173495,1650149.88744
TURBOUSDT,TURBO,69826580,turbo,11453031,1625175.629796
BBUSDT,BB,4046506,bouncebit,6992118,1571744.998391
TRBUSDT,TRB,52712140,tellor,12051657,1471698.45063
BICOUSDT,BICO,18654899,biconomy,10510540,1468281.0954326
SPYBUSDT,SPYB,22458633,spy-bstocks-tokenized-stock,6459279,1453765.81133
FORMUSDT,FORM,97345200,four,5334452,1448146.06758
ROBOUSDT,ROBO,30349319,robo-token-2,7516082,1436888.98769
ALTUSDT,ALT,44177088,altlayer,7633281,1428106.6701
BMNRBUSDT,BMNRB,4422477,bitmine-immersion-technologies-bstocks-tokenized-stock,1443204,1415878.8169
RADUSDT,RAD,13953464,radicle,4830573,1337620.8921
LUNAUSDT,LUNA,34355817,terra-luna-2,6460630,1335867.889735
COWUSDT,COW,68775366,cow-protocol,6640400,1330229.01264
MITOUSDT,MITO,10328359,mitosis,4221478,1325966.080641
DRAMBUSDT,DRAMB,17717374,roundhill-memory-etf-bstocks-tokenized-stock,2702584,1324905.2767
OGUSDT,OG,14038980,og-fan-token,3645742,1324458.4436
AAOIBUSDT,AAOIB,4993143,applied-optoelectronics-bstocks-tokenized-stock,1566165,1322690.97315
SAGAUSDT,SAGA,6243156,saga-2,6261898,1271291.300574
NILUSDT,NIL,22540547,nillion,9989057,1270516.045586
MMTUSDT,MMT,33855139,momentum-3,7582534,1236398.05062
REDUSDT,RED,56675794,redstone-oracles,5998885,1225153.24326
MOVRUSDT,MOVR,8807595,moonriver,3399847,1176145.198755
EDENUSDT,EDEN,20162503,openeden,3943160,1162341.810969
BABYUSDT,BABY,54672280,babylon,7052731,1154017.02583
BABABUSDT,BABAB,2982516,alibaba-bstocks-tokenized-stock,1923032,1153476.96319
RAREUSDT,RARE,10123271,superrare,10908348,1140777.442706
AIXBTUSDT,AIXBT,21754639,aixbt,6260362,1137796.252974
IOUSDT,IO,55331800,io,8865798,1128282.169764
DYDXUSDT,DYDX,98584072,dydx-chain,4643568,1108571.5618242
ATUSDT,AT,31991431,apro,3402535,1084957.59298
MANTRAUSDT,MANTRA,26826841,mantra,5150882,1064397.7288
BERAUSDT,BERA,60191333,berachain-bera,12200695,1024704.2453558
KAVAUSDT,KAVA,49710055,kava,10066340,1022953.151204
BMTUSDT,BMT,11048961,bubblemaps,6418891,1008378.681912
PHAUSDT,PHA,21829816,pha,14031329,997318.9023
ENSOUSDT,ENSO,17256452,enso,9537745,994826.4884
USUALUSDT,USUAL,22094187,usual,4120115,990760.152239
YBUSDT,YB,22869719,yield-basis,9397965,990072.25163
ESPUSDT,ESP,59989621,espresso,2998887,981097.24562
ARKMUSDT,ARKM,78343434,arkham,9434441,977707.22159
WUSDT,W,61329010,wormhole,9355528,971958.798996
EPICUSDT,EPIC,11239327,epic-chain,5765178,969126.81699
NOMUSDT,NOM,4425252,nomina,4895719,940571.08927
COINBUSDT,COINB,14336987,coinbase-bstocks-tokenized-stock,1758143,934175.09405
LAUSDT,LA,10952765,lagrange,6643277,930114.96462
ZBTUSDT,ZBT,25552816,zerobase,5876204,920264.27879
0GUSDT,0G,35364900,zero-gravity,7544341,907425.065094
HMSTRUSDT,HMSTR,11876566,hamster-kombat,5856695,889464.1147188
SYNUSDT,SYN,24517398,synapse-2,6541561,887660.774657
HOODBUSDT,HOODB,1443901,robinhood-bstocks-tokenized-stock,3138082,864767.859
AAPLBUSDT,AAPLB,6022600,apple-bstocks-tokenized-stock,1974934,850037.07982
GASUSDT,GAS,81251735,gas,5068655,849498.6824
MRVLBUSDT,MRVLB,6356362,marvell-technology-bstocks-tokenized-stock,1050212,844137.73153
RIFUSDT,RIF,81286875,rif-token,8132121,827548.4078
STOUSDT,STO,9405325,stakestone,4431696,818525.3616
PIXELUSDT,PIXEL,3912086,pixels,16330254,816556.726404
ONEUSDT,ONE,11096411,harmony,2865302,813368.0782287
OPNUSDT,OPN,9906220,opinion,3473889,809892.4577
MEMEUSDT,MEME,54592710,memetoon,187687,797767.723918
DGBUSDT,DGB,89859727,digibyte,4319595,781376.599677
OPGUSDT,OPG,18133055,opengradient,9874940,780231.10217
BANANAS31USDT,BANANAS31,90327039,banana-for-scale-2,3378980,763142.501423
RSRUSDT,RSR,91324777,reserve-rights-token,20800294,761678.4690849
SOLVUSDT,SOLV,14343075,solv-protocol,5951644,756648.17637
SAHARAUSDT,SAHARA,29581998,sahara-ai,7575902,739269.82671
THEUSDT,THE,9820870,thena,4585345,738674.29186
SCUSDT,SC,33861227,siacoin,4391338,732090.940796
CHRUSDT,CHR,14835304,chromaway,17387441,730790.41284
LINEAUSDT,LINEA,62036229,linea,8386076,718770.670547
NOTUSDT,NOT,41996032,notcoin,6797281,717399.237955
TREEUSDT,TREE,15953267,tree-capital,14871.37,710419.00027
HYPERUSDT,HYPER,22652229,hyperlane,12710526,708757.85484
AVNTUSDT,AVNT,34685842,avantis,6686028,707918.51021
MIRAUSDT,MIRA,13447292,mira-3,2327332,700748.645258
KATUSDT,KAT,14550020,katana-network-token,3719110,697114.44611
ENJUSDT,ENJ,55029206,enjincoin,5090655,692945.745113
PORTOUSDT,PORTO,5142903,fc-porto,2756529,682624.57532
CETUSUSDT,CETUS,24550589,cetus-protocol,3194330,668503.562122
VANAUSDT,VANA,31339687,vana,2372483,664554.64028
HOLOUSDT,HOLO,53637327,holoworld,3479875,649459.70669
STEEMUSDT,STEEM,24648449,steem,4487515,628604.27901
AXLUSDT,AXL,51413104,axelar,4057156,626380.070728
MOVEUSDT,MOVE,34299591,movement,7993994,616676.98718
SAPIENUSDT,SAPIEN,16647616,sapien-2,2505128,611578.27809
REZUSDT,REZ,26801163,renzo,5476593,611392.6446374
OSMOUSDT,OSMO,28267982,osmosis,3831609,602157.773293
ICXUSDT,ICX,18488011,icon,3348111,599712.638147
LPTUSDT,LPT,70115300,livepeer,17030589,596608.50779
AXTIBUSDT,AXTIB,3624383,axt-bstocks-tokenized-stock,2259353,591205.8802
DUSKUSDT,DUSK,45343814,dusk-network,3763198,584304.2662
ZKPUSDT,ZKP,8272988,zkpass,6729156,571841.07031
ORCAUSDT,ORCA,80575980,orca,9380552,561365.60723
CELOUSDT,CELO,47144549,celo,14542086,560691.791547
BARDUSDT,BARD,42453520,lombard-protocol,4004112,560359.58098
MASKUSDT,MASK,42807520,mask-network,16377028,557439.4617
NXPCUSDT,NXPC,62004745,nexpace,6699365,556396.55147
YGGUSDT,YGG,22067083,yield-guild-games,4174394,550920.376077
SIGNUSDT,SIGN,19803612,sign-global,4307898,542926.61223
OPENUSDT,OPEN,35083900,openledger-2,5136175,541246.60122
SOXSBUSDT,SOXSB,1143615,direxion-semiconductor-bear-3x-etf-bstocks-tokenized-stock,2340116,529126.4047
ATMUSDT,ATM,12024204,atletico-madrid,2947579,521345.83059
GUNUSDT,GUN,9941215,gunz,3821618,517588.56783
ROSEUSDT,ROSE,48662210,oasis-network,2375340,516489.654225
API3USDT,API3,33341239,api3,13449978,515326.791602
CELRUSDT,CELR,18506429,celer-network,20337620,506063.8259323
XAIUSDT,XAI,15756565,xai-blockchain,15944841,503112.828258
SOMIUSDT,SOMI,17354351,somnia,3875417,493402.67677
PROVEUSDT,PROVE,33418468,succinct,5499203,489626.0187
RESOLVUSDT,RESOLV,9021898,resolv,4175259,486204.706669
ALICEUSDT,ALICE,13610773,my-neighbor-alice,17582328,482628.144242
SXTUSDT,SXT,37065613,space-and-time,3233570,482577.134002
DIAUSDT,DIA,16395610,dia-data,1873853,482496.9645
BEBUSDT,BEB,2566341,bloom-energy-bstocks-tokenized-stock,489279,479174.02732
DODOUSDT,DODO,19495418,dodo,3725459,478564.974211
TOWNSUSDT,TOWNS,5188369,towns,2839575,476322.31013
WALUSDT,WAL,58150666,walrus-2,4351965,466815.24002
CYBERUSDT,CYBER,21096541,cyberconnect,7988417,459149.74837
FIDAUSDT,FIDA,18815014,bonfida,2948274,450887.099898
MBLUSDT,MBL,12959490,moviebloc,1310551,450488.262825
OGNUSDT,OGN,12544249,origin-protocol,2389626,444927.10661
YFIUSDT,YFI,84129468,yearn-finance,16366213,443853.75192
SHELLUSDT,SHELL,6110623,myshell,4618522,443083.48206
SANTOSUSDT,SANTOS,8603891,santos-fc-fan-token,2129919,441192.85728
CBRSBUSDT,CBRSB,1469197,cerebras-bstocks-tokenized-stock,1572657,439543.56466
C98USDT,C98,15532000,coin98,9495211,439421.499219
DOGSUSDT,DOGS,20729110,dogs-2,3820602,435807.53397367
GMTUSDT,GMT,22816012,stepn,12316596,434745.70253
BIGTIMEUSDT,BIGTIME,18560748,big-time,10746603,424356.17685
SUSHIUSDT,SUSHI,57181244,sushi,18287038,422025.8316
SSVUSDT,SSV,39180425,ssv-network,4636472,419248.861803
WCTUSDT,WCT,16918294,connect-token-wct,5734781,416849.14671
TLMUSDT,TLM,9874854,alien-worlds,4745296,414813.970039
NEWTUSDT,NEWT,9133823,newton-protocol,2878456,407622.857124
SCRUSDT,SCR,4214664,scroll,1852664,403032.446279
GLMRUSDT,GLMR,7616304,moonbeam,3634805,402825.126264
BELUSDT,BEL,9202575,bella-protocol,2311951,399350.83599
MUUBUSDT,MUUB,1786479,direxion-mu-bull-2x-etf-bstocks-tokenized-stock,1739798,395944.3994
ALPINEUSDT,ALPINE,3985309,alpine-f1-team-fan-token,2583103,382094.14874
COHRBUSDT,COHRB,3384417,coherent-bstocks-tokenized-stock,372705,378362.86378
TNSRUSDT,TNSR,25869547,tensor,5845542,378174.17892
DOLOUSDT,DOLO,12100933,dolomite,4780751,370393.190537
SLPUSDT,SLP,23606727,smooth-love-potion,2135934,368046.804279
STRAXUSDT,STRAX,20633159,stratis,1463976,367874.60368
ZILUSDT,ZIL,53577383,zilliqa,12485518,367432.3125321
GMEBUSDT,GMEB,6006493,gamestop-bstocks-tokenized-stock,2935660,364109.7008
GUSDT,G,28187110,g-token,5301616,362018.12212
INITUSDT,INIT,11186389,initia,2628135,342056.227118
LAYERUSDT,LAYER,14496835,solayer,10789475,340764.238921
MAVUSDT,MAV,12553793,maverick-protocol,1434817,339854.04103
RVNUSDT,RVN,54155405,ravencoin,1393140,336633.741799
PSGUSDT,PSG,8378827,paris-saint-germain-fan-token,1669499,332785.03423
EDUUSDT,EDU,33274140,edu-coin,15393748,328602.5984
HOTUSDT,HOT,67334098,holotoken,5013696,326309.030876
IDUSDT,ID,13385220,space-id,4503091,325605.1063
GMXUSDT,GMX,75516561,gmx,3005756,324794.54642
AVGOBUSDT,AVGOB,3105834,broadcom-bstocks-tokenized-stock,423554,323245.24553
FOGOUSDT,FOGO,35933180,fogo,1280647,322316.80201
ACTUSDT,ACT,10127612,act-i-the-ai-prophecy,6421149,322301.465888
DYMUSDT,DYM,9951430,dymension,2460959,320953.560881
AUCTIONUSDT,AUCTION,23852353,auction,5625157,320379.92489
SKLUSDT,SKL,23904547,skale,15194562,320043.27772
AGLDUSDT,AGLD,15722599,adventure-gold,5315757,312584.23556
BLURUSDT,BLUR,47755412,blur,7220043,310973.31912
HUMAUSDT,HUMA,37558789,huma-finance,5687864,310524.17539
ACMUSDT,ACM,4074610,ac-milan-fan-token,1216093,309951.0125
WAXPUSDT,WAXP,19550599,wax,1659192,308558.59507
RPLUSDT,RPL,39028194,rocket-pool,2446869,306068.75514
BARUSDT,BAR,7572451,fc-barcelona-fan-token,1663803,302818.42287
METISUSDT,METIS,21600583,metis-token,1898852,302646.48018
MANTAUSDT,MANTA,29024492,manta-network,2315710,298664.637755
FUSDT,F,14913345,synfutures,1688758,294972.625561
FLOWUSDT,FLOW,49801150,flow,4465789,292038.9986243
LAZIOUSDT,LAZIO,5197740,lazio-fan-token,1056154,287413.39717
STGUSDT,STG,22339754,stargate-finance,10722823,286621.05035
SMCIBUSDT,SMCIB,1278083,super-micro-computer-bstocks-tokenized-stock,279089,284874.0775
LISTAUSDT,LISTA,29727082,lista,2333258,282236.3471
IRENBUSDT,IRENB,1988316,iren-limited-bstocks-tokenized-stock,271306,280131.1825
AEVOUSDT,AEVO,21651978,aevo-exchange,14743654,277211.1887787
QIUSDT,QI,9519699,benqi,720413,271530.257021
IOTXUSDT,IOTX,26706840,iotex,9478909,269541.805147
ORCLBUSDT,ORCLB,2400650,oracle-bstocks-tokenized-stock,1195440,266029.98591
AMATBUSDT,AMATB,1830247,applied-materials-bstocks-tokenized-stock,265357,265862.40224
QTUMUSDT,QTUM,92669445,qtum,3086990,265165.0328
LUMIAUSDT,LUMIA,21542737,lumia,1728426,263975.149016
TUSDT,T,41541222,threshold-network-token,3816019,261843.436034
CGPTUSDT,CGPT,19162103,chaingpt,2271352,253862.435293
BNTUSDT,BNT,32895958,bancor,2402782,249682.08167
COOKIEUSDT,COOKIE,8620369,cookie,2472704,248209.32536
MAGICUSDT,MAGIC,15094688,magic,3556055,246052.71805
PUNDIXUSDT,PUNDIX,22631726,pundi-x-2,1551167,244297.27258
XVGUSDT,XVG,41817584,verge,969857,243306.193789
TQQQBUSDT,TQQQB,1929277,proshares-ultrapro-qqq-bstocks-tokenized-stock,1811682,239665.6856
KSMUSDT,KSM,67970734,kusama,14306966,239179.20697
ASTRUSDT,ASTR,46913099,astar,1526602,236297.5765353
TSMBUSDT,TSMB,3772149,tsmc-bstocks-tokenized-stock,322621,232665.14554
CTSIUSDT,CTSI,24578487,cartesi,12262817,231541.80049
ASRUSDT,ASR,7925023,as-roma-fan-token,2033734,231476.9094
WDCBUSDT,WDCB,1975988,western-digital-bstocks-tokenized-stock,1324614,229327.36437
BREVUSDT,BREV,18288109,brevis,2884383,226502.95627
VTHOUSDT,VTHO,38713449,vethor-token,1063072,224735.130367
CITYUSDT,CITY,5139601,manchester-city-fan-token,1481874,224505.3646
JOEUSDT,JOE,13816723,joe,4655959,224475.973216
NOKBUSDT,NOKB,1837507,nokia-bstocks-tokenized-stock,368791,220589.2251
JUVUSDT,JUV,5202467,juventus-fan-token,936251,215743.70154
HIVEUSDT,HIVE,23651974,hive,545921,212751.2035
RLCUSDT,RLC,28073311,iexec-rlc,1691813,211302.27658
TKOUSDT,TKO,3948515,tokocrypto,715278,211126.26564
AVAUSDT,AVA,15101322,concierge-io,8570971,203896.24759
NMRUSDT,NMR,63401953,numeraire,5051887,200856.046
HAEDALUSDT,HAEDAL,3618402,haedal,1131450,199505.589894
ZKCUSDT,ZKC,11993345,boundless,2402389,196757.17291
CKBUSDT,CKB,49264189,nervos-network,1836163,191887.261383
BANANAUSDT,BANANA,15813007,banana-gun,4215264,190719.496671
POWRUSDT,POWR,25107730,power-ledger,1680963,190492.3087
ZRXUSDT,ZRX,83363534,0x,18620837,190152.5737
ILVUSDT,ILV,27419832,illuvium,13298946,189603.49137
TFUELUSDT,TFUEL,64409753,theta-fuel,779692,185924.97257
IOSTUSDT,IOST,20379253,iostoken,4169082,185084.473844
ANKRUSDT,ANKR,40208921,ankr,19051485,184948.858404
FLUXUSDT,FLUX,18717806,zelcash,1011152,182015.939092
POLYXUSDT,POLYX,45713457,polymesh,1005661,181993.58654
WINUSDT,WIN,34200850,wink,19862130,175178.45371443
ARPAUSDT,ARPA,16546064,arpa,4015352,174690.737683
ADXUSDT,ADX,9549848,adex,1330542,172874.5029
LSKUSDT,LSK,21484542,lisk,1658603,169439.66724
CUSDT,C,10718082,chainbase,4348904,167473.05571
KERNELUSDT,KERNEL,10862945,kernel-2,4190524,165698.26801
CATIUSDT,CATI,33716310,catizen,2354588,159400.454139
REQUSDT,REQ,44017923,request-network,477876,156554.1718
ANIMEUSDT,ANIME,15487873,anime,4013953,154035.742749
SOPHUSDT,SOPH,14462509,sophon,2742152,152425.9118
CVCUSDT,CVC,19785354,civic,1411759,151366.46027
KNCUSDT,KNC,24302458,kyber-network-crystal,11636025,150875.61239
TURTLEUSDT,TURTLE,6743901,turtle-4,646134,146346.5638
QCOMBUSDT,QCOMB,2229694,qualcomm-bstocks-tokenized-stock,914189,145370.12769
ARMBUSDT,ARMB,1452593,arm-bstocks-tokenized-stock,220218,139941.3149
UMAUSDT,UMA,33801778,uma,2411503,138047.2862
LQTYUSDT,LQTY,21335856,liquity,1555345,135437.59521
XVSUSDT,XVS,52137750,venus,1088752,125522.2768
WOOUSDT,WOO,22054903,woo-network,10834171,122509.851496
RKLBBUSDT,RKLBB,1136482,rocket-lab-bstocks-tokenized-stock,210051,122090.8685
BANDUSDT,BAND,33153955,band-protocol,1940136,118402.65681
GNSUSDT,GNS,12880439,gains-network,380209,103166.1382
ARKUSDT,ARK,21407897,ark,808655,99351.7779
MTLUSDT,MTL,21635323,metal,716596,97279.384
XNOUSDT,XNO,53250499,nano,213580,91915.92877
CTKUSDT,CTK,18579646,certik,461473,87386.9638
IQUSDT,IQ,18709752,everipedia,639821,78968.376788
AMZNBUSDT,AMZNB,1365260,amazon-bstocks-tokenized-stock,1044361,73451.85065
PLTRBUSDT,PLTRB,1519270,palantir-technologies-bstocks-tokenized-stock,813697,51269.13155
GTCUSDT,GTC,7488612,gitcoin,2290452,50227.738259
KGSTUSDT,KGST,6365333,kyrgyz-som-stablecoin,1501411,48676.620616
QKCUSDT,QKC,15505304,quark-chain,161987,41496.729958
QUICKUSDT,QUICK,6151273,quickswap,274182,34189.52032
