symbol,entry_time,exit_time,entry_price,size,notional,pnl,pnl_pct_of_notional,holding_hours,exit_reason,n_fills
STORJUSDT,2023-07-04 15:00:00,2023-07-04 19:00:00,0.4813,2725.29069767442,1331.3576489825587,-115.77496220930217,-0.08696007590280413,4.0,trail_stop,1
STORJUSDT,2023-07-05 07:00:00,2023-07-05 10:00:00,0.5713,958.6355742506839,555.8835311229569,-90.46225929920612,-0.1627359945642941,3.0,trail_stop,1
ONGUSDT,2023-07-11 17:00:00,2023-07-11 21:00:00,0.4173,2842.069138151528,1203.785383120892,-110.2169974945761,-0.09155867735229627,4.0,trail_stop,1
PROMUSDT,2023-09-03 16:00:00,2023-09-03 17:00:00,6.439,165.53445202519993,1081.864481639116,-105.55088790976878,-0.09756387209408175,1.0,stop,1
SPELLUSDT,2023-09-19 09:00:00,2023-09-21 10:00:00,0.0005642,2653498.3375948602,1519.5603185020852,-118.56320381631978,-0.07802467751539742,49.0,trail_stop,1
MINAUSDT,2023-10-24 04:00:00,2023-10-24 06:00:00,0.6173,1667.5222080034328,1044.8018808855268,-102.70922580943783,-0.09830497789914594,2.0,trail_stop,1
MINAUSDT,2023-10-24 07:00:00,2023-10-24 18:00:00,0.7809,837.9124038311447,664.140683094017,-89.94236820159433,-0.1354266806583537,11.0,trail_stop,1
ZENUSDT,2023-11-06 00:00:00,2023-11-21 17:00:00,10.04,209.13064290877412,2131.166729626153,-135.511005894914,-0.06358536101897819,377.0,trail_stop,1
SUPERUSDT,2023-11-23 06:00:00,2023-11-23 15:00:00,0.218,3849.7005052328095,851.8232307928637,-94.13328636208625,-0.11050800560401301,9.0,trail_stop,1
ONGUSDT,2023-10-28 11:00:00,2024-01-03 12:00:00,0.2959,6200.476808927987,1862.2419040782179,120.05883727474504,0.064470054621702,1609.0,trail_stop,1
STORJUSDT,2023-11-08 07:00:00,2024-01-03 12:00:00,0.5814,2432.214074815717,1435.3006020443258,28.224532158743077,0.01966454422059208,1349.0,trail_stop,1
DEXEUSDT,2023-11-09 03:00:00,2024-01-18 19:00:00,2.581,896.3531569252907,2348.1898104945376,660.6951848391892,0.2813636197067239,1696.0,trail_stop,1
PROMUSDT,2024-01-25 05:00:00,2024-01-25 06:00:00,7.637,122.60169506240244,950.3537823694409,-102.50387130528497,-0.10785864507185976,1.0,stop,1
PROMUSDT,2024-01-25 09:00:00,2024-01-26 05:00:00,7.996,77.26352351749307,627.0661210565627,-91.54804712887562,-0.1459942485405264,20.0,trail_stop,1
PROMUSDT,2024-02-14 06:00:00,2024-02-14 07:00:00,9.871,144.94963716582294,1452.2598364907956,-116.87362821116122,-0.08047707805069632,1.0,stop,1
ZENUSDT,2024-02-18 05:00:00,2024-02-18 06:00:00,13.13,42.98012828383884,572.794020632306,-88.26506164888569,-0.15409564078802723,1.0,stop,1
PROMUSDT,2024-02-14 07:00:00,2024-02-20 01:00:00,10.705,103.59386614850284,1125.6069221765188,-105.70195284269549,-0.0939066300678979,138.0,trail_stop,1
SPELLUSDT,2024-02-22 09:00:00,2024-02-23 10:00:00,0.0008592,1332352.1868911164,1161.9283539614999,-105.39703444254215,-0.09070872062223076,25.0,trail_stop,1
GALAUSDT,2024-02-27 17:00:00,2024-02-28 17:00:00,0.03908,35085.15997027188,1391.6949724127983,-111.85449099438452,-0.08037284980663618,24.0,trail_stop,1
AMPUSDT,2024-02-22 04:00:00,2024-03-05 19:00:00,0.004814,166241.58988423154,812.2913189082309,-94.37998971508547,-0.11618982933602927,303.0,trail_stop,1
SPELLUSDT,2024-02-29 17:00:00,2024-03-05 19:00:00,0.0012518,654956.1680429481,832.1722431235047,-93.37859594632778,-0.1122106591729583,122.0,trail_stop,1
DEXEUSDT,2024-03-06 09:00:00,2024-03-06 10:00:00,8.759,94.99417529489656,844.534791129119,-92.3765301445909,-0.10938155670423727,1.0,stop,1
SUPERUSDT,2023-11-23 20:00:00,2024-04-12 14:00:00,0.2295,2995.055008897216,697.6756014100397,2314.2331525802197,3.3170618951028685,3378.0,trail_stop,1
COTIUSDT,2024-02-09 02:00:00,2024-04-12 17:00:00,0.08418,16042.002487453503,1370.6720059347433,797.0526438449189,0.5815050138864993,1527.0,trail_stop,1
GALAUSDT,2024-03-09 11:00:00,2024-04-12 18:00:00,0.05215,30065.404160356335,1591.4294893670217,-115.23014073880417,-0.0724066894001292,823.0,trail_stop,1
ONGUSDT,2024-04-19 06:00:00,2024-04-20 12:00:00,0.6833,1354.3165970198872,939.2855987048442,-116.76942212635866,-0.12431727079321656,30.0,trail_stop,1
ONGUSDT,2024-04-21 11:00:00,2024-04-23 22:00:00,0.7006,2585.1854403644693,1838.348633312137,-144.24556306193895,-0.07846474844222173,59.0,trail_stop,1
DEXEUSDT,2024-03-07 20:00:00,2024-06-13 16:00:00,9.504,81.84149636763506,789.4889052001736,154.61834604013822,0.19584612908643093,2348.0,trail_stop,1
ZENUSDT,2024-07-20 06:00:00,2024-07-21 11:00:00,13.02,178.3607690950193,2357.091071821408,-160.66298955865804,-0.06816155365371947,29.0,trail_stop,1
SUPERUSDT,2024-09-23 19:00:00,2024-09-24 04:00:00,0.9991,1939.7186234032874,1967.0424697918577,-147.16278424064825,-0.07481423838104535,9.0,trail_stop,1
MINAUSDT,2024-09-29 17:00:00,2024-09-30 14:00:00,0.6008,4542.058547859946,2769.801807187569,-171.34953116681723,-0.061863462837726986,21.0,trail_stop,1
SUPERUSDT,2024-09-24 21:00:00,2024-10-01 17:00:00,1.027,2772.2289545502254,2889.785323367927,-167.70638204424392,-0.05803420091039461,164.0,trail_stop,1
SUPERUSDT,2024-10-07 16:00:00,2024-10-07 22:00:00,1.1429,1737.872594148767,2016.007806670415,-145.06188492813777,-0.07195502142807578,6.0,trail_stop,1
STORJUSDT,2024-10-15 16:00:00,2024-10-17 03:00:00,0.5935,2192.197107485782,1320.5850180422037,-122.03136823002205,-0.09240705184656436,35.0,trail_stop,1
STORJUSDT,2024-10-18 12:00:00,2024-10-19 10:00:00,0.6573,2041.3961725204624,1361.9368497606652,-122.42472000691288,-0.08989015902494064,22.0,trail_stop,1
PROMUSDT,2024-10-25 21:00:00,2024-10-26 00:00:00,8.448,110.65638389718637,948.8475081308818,-108.48765421621526,-0.11433623768472892,3.0,trail_stop,1
SUPERUSDT,2024-10-12 07:00:00,2024-10-28 04:00:00,1.2009,2268.407684281767,2764.992749874784,-163.37769019721966,-0.05908792715807968,381.0,trail_stop,1
SUPERUSDT,2024-11-07 02:00:00,2024-11-07 04:00:00,1.4403,1288.1380824635412,1883.1348593748216,-135.92961955651916,-0.0721826261564964,2.0,trail_stop,1
SPELLUSDT,2024-11-09 14:00:00,2024-11-09 15:00:00,0.0007872,1702593.580010616,1360.3858911771222,-118.43179027738297,-0.08705749673344941,1.0,stop,1
ZENUSDT,2024-11-10 13:00:00,2024-11-10 14:00:00,10.13,194.45526572205623,1999.379319390896,-137.6599092732626,-0.0688513219768624,1.0,stop,1
GALAUSDT,2024-11-10 11:00:00,2024-11-10 20:00:00,0.02564,91946.06069998359,2392.8594512927925,-150.08285379187055,-0.062721132121147,9.0,trail_stop,1
SUPERUSDT,2024-11-10 08:00:00,2024-11-10 20:00:00,1.4782,1422.146264318922,2133.7498570349735,-141.92962867605902,-0.06651652639043748,12.0,trail_stop,1
ORDIUSDT,2024-11-11 02:00:00,2024-11-11 05:00:00,45.84,23.254329067472025,1081.9681211197114,-105.55081432579289,-0.09755445864390168,3.0,trail_stop,1
SUPERUSDT,2024-11-12 00:00:00,2024-11-12 05:00:00,1.5865,853.4174266994551,1374.2559486705657,-113.96821511180163,-0.08293085085209399,5.0,trail_stop,1
ZKUSDT,2024-11-12 08:00:00,2024-11-12 09:00:00,0.1631,7185.856676900168,1189.5934223624536,-107.29510194874686,-0.09019476733123315,1.0,stop,1
GALAUSDT,2024-11-11 20:00:00,2024-11-13 03:00:00,0.02698,52562.42275277882,1439.4061783580219,-116.03283548049224,-0.08061160027314508,31.0,trail_stop,1
BOMEUSDT,2024-11-13 18:00:00,2024-11-13 19:00:00,0.011834,62333.92502666327,748.7245637970161,-91.73882354525946,-0.12252679821271421,1.0,stop,1
MINAUSDT,2024-11-13 18:00:00,2024-11-13 19:00:00,0.68,1611.6133260099887,1112.3355176120942,-103.19689444722749,-0.09277497015357865,1.0,stop,1
SPELLUSDT,2024-11-15 21:00:00,2024-11-15 23:00:00,0.000906,1065815.4778871255,980.1132553102217,-97.5814541178431,-0.09956140638762914,2.0,trail_stop,1
AMPUSDT,2024-11-16 15:00:00,2024-11-17 02:00:00,0.005171,198475.9737304257,1041.7140490624317,-98.79615265267039,-0.09483999255034464,11.0,trail_stop,1
MINAUSDT,2024-11-16 18:00:00,2024-11-17 16:00:00,0.6857,2465.6925486900955,1716.0862613463503,-120.04946054105203,-0.06995537651287272,22.0,trail_stop,1
SCRTUSDT,2024-11-17 11:00:00,2024-11-18 01:00:00,0.378,2554.4981372992133,980.0843003375891,-96.10366619863332,-0.09805653061224479,14.0,trail_stop,1
SCRTUSDT,2024-11-22 15:00:00,2024-11-22 20:00:00,0.6018,880.2285523456555,537.6673659436397,-80.55307857455225,-0.14981954211257845,5.0,trail_stop,1
ZKUSDT,2024-11-23 12:00:00,2024-11-23 16:00:00,0.1677,9523.548636350328,1621.0555929106888,-114.0824062627065,-0.07037538179542976,4.0,trail_stop,1
MINAUSDT,2024-11-23 06:00:00,2024-11-24 11:00:00,0.7312,2025.3067745250846,1503.1178782357329,-110.38552632070905,-0.0734377043337897,29.0,trail_stop,1
PORTALUSDT,2024-11-24 20:00:00,2024-11-25 15:00:00,0.3958,2090.39804226755,839.7902383064386,-87.7742397250885,-0.10451924268862456,19.0,trail_stop,1
COTIUSDT,2024-11-22 23:00:00,2024-11-26 10:00:00,0.13891,6671.564239260998,940.6481933028814,-92.65943400837455,-0.09850593948734554,83.0,trail_stop,1
AIUSDT,2024-11-24 00:00:00,2024-11-26 11:00:00,0.5569,2056.3671293927355,1162.3687171741963,-98.7674376349444,-0.08497083255565867,59.0,trail_stop,1
AIUSDT,2024-11-27 17:00:00,2024-12-09 21:00:00,0.6478,1778.0139231587732,1169.074380713587,-96.0812191662234,-0.08218571953272703,292.0,trail_stop,1
ZENUSDT,2024-11-27 10:00:00,2024-12-09 21:00:00,13.81,74.03881291208191,1037.8131464105888,-91.95059312459288,-0.08860033566024474,299.0,trail_stop,1
SUPERUSDT,2024-12-12 12:00:00,2024-12-12 14:00:00,2.2612,498.4332826905339,1143.9631989021327,-93.88194648970828,-0.08206727854515536,2.0,trail_stop,1
ZKUSDT,2024-11-27 23:00:00,2024-12-19 17:00:00,0.1817,8277.441986391914,1526.5713770613218,-107.34343252993772,-0.07031668099042694,522.0,trail_stop,1
GALAUSDT,2024-11-23 12:00:00,2024-12-20 10:00:00,0.03289,41645.200883962956,1390.2563169296448,-106.81623613497234,-0.07683204516622806,646.0,trail_stop,1
DEXEUSDT,2024-12-23 14:00:00,2024-12-27 06:00:00,13.038,38.45491555554123,508.89581684834366,-71.57451969776194,-0.14064670474407123,88.0,trail_stop,1
DEXEUSDT,2025-01-02 05:00:00,2025-01-06 14:00:00,16.936,66.64913303290871,1145.701262801022,-91.11916087891028,-0.07953134367342952,105.0,trail_stop,1
ZENUSDT,2024-12-20 14:00:00,2025-01-27 02:00:00,19.87,25.353289993669694,511.32642025683003,-71.6549232054219,-0.14013538195313852,900.0,trail_stop,1
DEXEUSDT,2025-02-01 05:00:00,2025-02-01 11:00:00,22.149,49.86548545352001,1121.0376968696648,-89.12691792521312,-0.0795039436890366,6.0,trail_stop,1
SPELLUSDT,2025-01-26 17:00:00,2025-02-01 20:00:00,0.0014298,459923.15026940836,667.462092059028,-75.36074471922281,-0.11290640414760539,147.0,trail_stop,1
DEXEUSDT,2025-02-03 07:00:00,2025-02-03 14:00:00,23.177,30.81722341951393,724.9645490019853,-75.4176718820053,-0.10402946183482795,7.0,trail_stop,1
BOMEUSDT,2025-05-13 16:00:00,2025-05-14 14:00:00,0.002969,248329.05817580328,748.3483083298192,-75.59295262805432,-0.10101306007728458,22.0,trail_stop,1
SUPERUSDT,2025-05-23 02:00:00,2025-05-23 06:00:00,0.9084,1632.985436513217,1505.6550300865354,-98.90522513649607,-0.06568916727944756,4.0,trail_stop,1
SUPERUSDT,2025-07-18 12:00:00,2025-07-18 14:00:00,0.9329,1310.972293849507,1241.351143726188,-89.82093811789336,-0.07235739747923066,2.0,trail_stop,1
TUTUSDT,2025-07-27 02:00:00,2025-07-27 03:00:00,0.07861,13867.703753311016,1106.4922949284955,-84.89718063033344,-0.07672640922982633,1.0,stop,1
HEIUSDT,2025-08-04 00:00:00,2025-08-04 02:00:00,0.4764,2491.564384753995,1204.785991990255,-87.36137843590049,-0.07251194736384943,2.0,trail_stop,1
HEIUSDT,2025-08-09 01:00:00,2025-08-14 12:00:00,0.5093,1143.2893206127046,591.011409752871,-67.35722147764913,-0.11396940966979686,131.0,trail_stop,1
AIUSDT,2025-09-09 09:00:00,2025-09-09 11:00:00,0.1783,3320.206553460755,600.8727209092832,-67.16665435457199,-0.1117818333522125,2.0,trail_stop,1
ACEUSDT,2025-09-11 07:00:00,2025-09-11 09:00:00,0.836,682.1095960058311,578.7972765947878,-65.97054778183046,-0.11397867690385836,2.0,trail_stop,1
TSTUSDT,2025-09-17 02:00:00,2025-09-17 03:00:00,0.06814,6130.907164143112,424.02641437718233,-60.59993066942079,-0.14291546143046552,1.0,stop,1
TUTUSDT,2025-09-19 17:00:00,2025-09-19 18:00:00,0.0876,12721.753414489669,1131.1419830959344,-82.44286571917375,-0.0728846307105742,1.0,stop,1
TUTUSDT,2025-09-19 19:00:00,2025-09-20 19:00:00,0.09004,10035.163091375602,917.119576018671,-75.07857568067648,-0.08186345340768085,24.0,trail_stop,1
DEXEUSDT,2025-09-21 03:00:00,2025-09-21 04:00:00,12.214,56.662696830609754,702.4593517754035,-67.75010591909778,-0.0964470125536309,1.0,stop,1
ZENUSDT,2025-10-02 05:00:00,2025-10-03 03:00:00,10.45,44.324009185903414,470.13368443258094,-59.92036522740109,-0.1274538864402385,22.0,trail_stop,1
SCRTUSDT,2025-10-05 05:00:00,2025-10-05 09:00:00,0.2217,4807.001775040824,1081.6979779294488,-78.75552127258406,-0.07280731117140048,4.0,trail_stop,1
ZENUSDT,2025-10-08 21:00:00,2025-10-09 08:00:00,11.796,68.44897219811463,819.5354371896944,-69.9010906535453,-0.08529355471588422,11.0,trail_stop,1
PROMUSDT,2025-07-02 17:00:00,2025-10-10 21:00:00,6.705,209.25581730925538,1424.1061588844354,341.3908509566338,0.23972289483254547,2404.0,trail_stop,1
ZENUSDT,2025-10-10 01:00:00,2025-10-10 21:00:00,13.762,37.168343482844215,519.1834041560656,-59.90993781970738,-0.11539262877073504,20.0,trail_stop,1
ZENUSDT,2025-11-01 06:00:00,2025-11-02 15:00:00,18.232,28.634335591649776,529.892124604563,-62.32108182520368,-0.11761088518103825,33.0,trail_stop,1
ZENUSDT,2025-11-04 03:00:00,2025-11-04 05:00:00,22.47,19.011702334658494,433.60084573167296,-58.82145040520966,-0.13565806198083474,2.0,trail_stop,1
ZKUSDT,2025-11-05 13:00:00,2025-11-06 09:00:00,0.07749,4626.382681767075,363.8758699202826,-56.18591562239582,-0.1544095672920135,20.0,trail_stop,1
SCRTUSDT,2025-11-07 05:00:00,2025-11-08 09:00:00,0.2685,2047.121749164339,557.8969724953844,-61.88549325982673,-0.11092638302556611,28.0,trail_stop,1
HOMEUSDT,2026-01-28 16:00:00,2026-01-29 00:00:00,0.03205,46331.65037689175,1507.203335498071,-75.9209578896594,-0.050372073960790784,8.0,trail_stop,1
GPSUSDT,2026-02-07 19:00:00,2026-02-08 04:00:00,0.0105,63720.53714230834,679.1016245941512,-64.67445588551668,-0.09523531315974662,9.0,trail_stop,1
GPSUSDT,2026-02-09 07:00:00,2026-02-10 03:00:00,0.0121,50088.731505606986,615.1647559861121,-62.17639563797225,-0.10107275332817658,20.0,trail_stop,1
DEXEUSDT,2026-03-10 00:00:00,2026-03-10 18:00:00,4.707,146.62830632087338,700.5321294201361,-64.4043720305184,-0.09193635712872866,18.0,trail_stop,1
DEXEUSDT,2026-03-15 01:00:00,2026-03-15 12:00:00,5.492,140.13775696345647,781.1811096619524,-66.46651846202691,-0.08508464636425933,11.0,trail_stop,1
DEXEUSDT,2026-03-17 18:00:00,2026-03-18 08:00:00,5.752,151.72783573826274,885.8295888339845,-69.26948527136351,-0.07819730357228502,14.0,trail_stop,1
BANKUSDT,2026-04-01 20:00:00,2026-04-01 21:00:00,0.062,7188.627350800158,452.3803191858539,-55.07758457677582,-0.12175062053074857,1.0,stop,1
ONGUSDT,2026-04-03 11:00:00,2026-04-03 12:00:00,0.10949,4402.005261299016,489.20518940052364,-55.82874831864311,-0.1141213329871994,1.0,stop,1
ONGUSDT,2026-04-04 01:00:00,2026-04-04 13:00:00,0.1146,2482.712470284494,288.786631831022,-49.094500863103185,-0.17000267828127824,12.0,trail_stop,1
ORDIUSDT,2026-04-16 12:00:00,2026-04-17 15:00:00,6.919,40.48777978069063,284.3369725271374,-48.589761820426595,-0.17088794815731936,27.0,trail_stop,1
BOMEUSDT,2026-04-19 15:00:00,2026-04-19 16:00:00,0.000806,547360.6313981861,447.790258940542,-53.382272532337375,-0.11921267036634113,1.0,stop,1
KAITOUSDT,2026-05-05 01:00:00,2026-05-05 04:00:00,0.5123,2569.5981554176346,1336.151212045761,-73.50393635034416,-0.05501169005999208,3.0,trail_stop,1
STORJUSDT,2026-05-06 03:00:00,2026-05-06 06:00:00,0.1399,5537.8169834844475,786.3617049293161,-63.10024277405731,-0.08024328038676452,3.0,trail_stop,1
KAITOUSDT,2026-05-08 15:00:00,2026-05-08 16:00:00,0.5229,2451.182753891968,1300.9493139402618,-64.70099665247102,-0.04973367982839185,1.0,stop,1
PLUMEUSDT,2026-05-09 00:00:00,2026-05-11 14:00:00,0.01554,48168.38739283664,759.7647911859515,-61.30312727035507,-0.08068698099929615,62.0,trail_stop,1
AIUSDT,2026-05-14 07:00:00,2026-05-14 08:00:00,0.0359,12212.122988629842,444.9914435211885,-50.9212073514937,-0.11443187974257994,1.0,stop,1
STORJUSDT,2026-05-15 17:00:00,2026-05-15 18:00:00,0.1518,4197.508041191289,646.73944646263,-56.902647197241876,-0.08798388208493145,1.0,stop,1
TSTUSDT,2026-05-04 04:00:00,2026-05-18 03:00:00,0.01915,13288.725192687341,258.296273751562,-47.00610902175198,-0.1819852386525871,335.0,trail_stop,1
PLUMEUSDT,2026-05-24 07:00:00,2026-05-24 11:00:00,0.01659,40537.72864580366,682.6087320073909,-57.26187019933106,-0.08388681174783309,4.0,trail_stop,1
KAITOUSDT,2026-05-25 14:00:00,2026-05-25 15:00:00,0.5453,2193.729523482797,1214.1843197924966,-70.44377777300903,-0.058017367400237746,1.0,stop,1
SPKUSDT,2026-04-20 02:00:00,2026-05-27 17:00:00,0.02696,23257.884094678895,636.438043520431,-58.93251697419496,-0.0925974139575506,903.0,trail_stop,1
HEIUSDT,2026-05-29 13:00:00,2026-05-29 14:00:00,0.1104,3989.169898888942,447.01042218989926,-48.44021582677784,-0.10836484659455979,1.0,stop,1
HEIUSDT,2026-05-29 16:00:00,2026-05-29 19:00:00,0.1394,2179.0903734013223,308.32167602292645,-43.70696951612124,-0.141757693068817,3.0,trail_stop,1
HEIUSDT,2026-05-30 02:00:00,2026-05-30 10:00:00,0.1673,1039.1393600993279,176.4557351687868,-39.22478185596212,-0.22229247362485605,8.0,trail_stop,1
HOMEUSDT,2026-05-31 07:00:00,2026-05-31 08:00:00,0.03259,19855.362091648934,656.7925443253414,-54.077619829811475,-0.08233592219802086,1.0,stop,1
PORTALUSDT,2026-05-31 21:00:00,2026-06-01 15:00:00,0.02529,8710.111742625677,223.5829068605684,-40.012526043362655,-0.17896057710849703,18.0,trail_stop,1
HOMEUSDT,2026-05-31 13:00:00,2026-06-07 15:00:00,0.03397,12995.519922315909,448.0796789374875,-47.09356366708433,-0.10510086906586641,170.0,trail_stop,1
BANKUSDT,2026-07-15 14:00:00,2026-07-17 14:00:00,0.0496,20915.589608903658,1052.9744432706457,-65.50979246439013,-0.06221403841569987,48.0,trail_stop,1
BANKUSDT,2026-07-18 16:00:00,2026-07-19 02:00:00,0.1118,2119.151699486981,240.47497740268412,-39.40280504913321,-0.16385407527516582,10.0,trail_stop,1
DEXEUSDT,2026-03-19 02:00:00,2026-07-21 13:00:00,5.795,201.59024710628537,1185.7387142106375,1415.6614373976952,1.1939067354650055,2987.0,trail_stop,1
EULUSDT,2026-07-25 23:00:00,2026-07-28 00:00:00,1.944,127.94521885578584,252.45638803748236,-49.93428101967489,-0.19779369184455384,49.0,trail_stop,1
COTIUSDT,2026-07-29 15:00:00,2026-07-29 17:00:00,0.01822,15057.170739302393,278.4567756331409,-50.38361390486014,-0.18093872483548096,2.0,trail_stop,1
BANKUSDT,2026-07-19 08:00:00,2026-07-30 09:00:00,0.1294,1477.221315535837,194.01972480379234,-37.64563408595455,-0.1940299323897336,265.0,trail_stop,1
GIGGLEUSDT,2026-07-31 07:00:00,2026-07-31 08:00:00,41.91,13.735388663436556,584.2848909678953,-59.37376472553204,-0.10161783342912842,1.0,stop,1
TUTUSDT,2026-07-31 18:00:00,2026-07-31 22:00:00,0.01637,67045.65718135593,1114.0004691796782,-75.62919152158682,-0.06788973040314628,4.0,trail_stop,1
GIGGLEUSDT,2026-07-31 18:00:00,2026-08-01 15:00:00,43.78,7.527617896889563,334.5024981987124,-51.056354698600146,-0.15263370221011008,21.0,trail_stop,1
HEIUSDT,2026-08-05 17:00:00,2026-08-06 14:00:00,0.2599,917.0132339562609,241.9067155978107,-47.18584910588626,-0.1950580371002867,21.0,trail_stop,1
MUBARAKUSDT,2026-08-09 06:00:00,2026-08-09 07:00:00,0.01966,25428.30377024977,507.4192589049571,-55.20666573607327,-0.10879891680740056,1.0,stop,1
KAITOUSDT,2026-06-27 11:00:00,2026-08-12 08:00:00,0.5658,1541.9773341553312,885.5375373000625,-18.51098609717578,-0.020903671857451,1101.0,trail_stop,1
PROMUSDT,2026-08-12 11:00:00,2026-08-12 16:00:00,3.587,69.85498674121678,254.32838500235573,-46.66981168986229,-0.18350217451909667,5.0,trail_stop,1
GPSUSDT,2026-08-13 11:00:00,2026-08-13 15:00:00,0.01118,86313.8092993896,979.4632137866832,-69.18489987398976,-0.0706355265824792,4.0,trail_stop,1
ACEUSDT,2026-08-14 10:00:00,2026-08-14 11:00:00,0.2267,1798.6555161998326,413.87153360533955,-50.83561714268162,-0.12282946038796075,1.0,stop,1
ACEUSDT,2026-08-14 11:00:00,2026-08-14 12:00:00,0.2489,1464.4423769566358,369.9672032388743,-49.07321421794736,-0.13264206607595588,1.0,stop,1
ACEUSDT,2026-08-14 12:00:00,2026-08-15 00:00:00,0.2689,1235.9192463931502,337.3237656354448,-47.67916526408061,-0.14134540794735706,12.0,trail_stop,1
GPSUSDT,2026-08-17 02:00:00,2026-08-20 12:00:00,0.01233,35043.21106899666,438.56403436793966,-50.516609601205815,-0.11518639387292796,82.0,trail_stop,1
ONGUSDT,2026-08-20 14:00:00,2026-08-20 15:00:00,0.08231,6841.6412263896345,571.5825216842927,-54.33424098694707,-0.09505931151785287,1.0,stop,1
ONGUSDT,2026-08-20 19:00:00,2026-08-21 08:00:00,0.09488,4334.483798412038,417.4246601352341,-49.068880502922724,-0.11755146542378632,13.0,trail_stop,1
HEMIUSDT,2026-08-21 11:00:00,2026-08-21 12:00:00,0.01441,23139.571947538752,338.44285024049384,-46.21359909067243,-0.13654771864092724,1.0,stop,1
ORDIUSDT,2026-08-22 02:00:00,2026-08-22 05:00:00,4.934,122.12950322823863,611.6257734620513,-54.48270337329488,-0.08907849495108842,3.0,trail_stop,1
ALLOUSDT,2026-05-29 00:00:00,2026-08-25 00:00:00,0.1716,1956.7148364155053,340.8088499178342,164.66257539299238,0.48315228736780447,2112.0,end_of_data,1
TUTUSDT,2026-08-01 09:00:00,2026-08-25 00:00:00,0.0176,42369.99955054464,756.8976719709294,1227.3355966360862,1.621534379198388,567.0,end_of_data,1
BOMEUSDT,2026-08-09 09:00:00,2026-08-25 00:00:00,0.0006722,1955186.7683486582,1333.9906938692275,888.7419881191385,0.6662280270796722,375.0,end_of_data,1
PROMUSDT,2026-08-24 07:00:00,2026-08-25 00:00:00,3.83,93.02426736898306,361.6271881835532,-17.625588871688677,-0.04873966739122047,17.0,end_of_data,1
