funding_time,funding_rate
1673740800010,0.00010000
1673769600002,0.00010000
1673798400000,0.00010000
1673827200010,0.00010000
1673856000007,0.00010000
1673884800000,0.00010000
1673913600004,0.00009100
1673942400005,0.00010000
1673971200001,0.00010000
1674000000008,0.00010000
1674028800009,0.00010000
1674057600017,0.00010000
1674086400000,0.00010000
1674115200015,0.00010000
1674144000012,0.00010000
1674172800000,0.00010000
1674201600000,0.00010000
1674230400000,0.00010000
1674259200013,0.00010000
1674288000001,0.00033078
1674316800016,0.00010000
1674345600000,0.00010000
1674374400000,0.00010000
1674403200023,0.00010000
1674432000014,0.00010000
1674460800014,0.00010000
1674489600016,0.00010000
1674518400008,0.00010000
1674547200008,0.00011965
1674576000000,0.00010000
1674604800012,0.00010000
1674633600000,0.00010000
1674662400010,0.00010000
1674691200010,0.00010000
1674720000003,0.00010000
1674748800020,0.00010000
1674777600008,0.00010000
1674806400000,0.00010000
1674835200000,0.00010000
1674864000009,0.00010000
1674892800018,0.00010000
1674921600005,0.00010000
1674950400011,0.00010000
1674979200000,0.00010000
1675008000008,0.00010000
1675036800001,0.00010000
1675065600000,0.00010000
1675094400000,0.00010000
1675123200005,0.00010000
1675152000000,0.00010000
1675180800007,0.00010000
1675209600013,0.00010000
1675238400000,0.00010000
1675267200012,0.00010000
1675296000004,0.00010000
1675324800023,0.00017687
1675353600003,0.00010000
1675382400010,0.00020547
1675411200000,0.00012140
1675440000000,0.00010000
1675468800010,0.00010000
1675497600000,0.00010000
1675526400000,0.00025587
1675555200016,0.00010000
1675584000009,0.00010000
1675612800018,0.00010000
1675641600001,0.00010000
1675670400000,0.00010000
1675699200012,0.00010000
1675728000004,0.00010000
1675756800011,0.00010000
1675785600018,0.00010000
1675814400009,0.00010000
1675843200010,0.00010000
1675872000000,0.00010000
1675900800014,0.00010000
1675929600006,0.00010000
1675958400001,0.00010000
1675987200012,-0.00000796
1676016000005,-0.00008871
1676044800020,0.00010000
1676073600007,0.00010000
1676102400002,0.00010000
1676131200021,0.00010000
1676160000004,0.00010000
1676188800000,0.00010000
1676217600002,0.00010000
1676246400006,0.00004700
1676275200008,0.00010000
1676304000002,0.00010000
1676332800013,0.00000502
1676361600014,0.00010000
1676390400016,0.00010000
1676419200011,0.00010000
1676448000000,0.00010000
1676476800005,0.00009092
1676505600019,0.00010000
1676534400000,0.00010000
1676563200001,0.00010000
1676592000003,0.00010000
1676620800016,0.00010000
1676649600000,0.00010000
1676678400011,0.00010000
1676707200000,0.00010000
1676736000007,0.00010000
1676764800019,0.00010000
1676793600005,0.00010000
1676822400003,0.00017121
1676851200006,0.00010000
1676880000008,0.00010000
1676908800006,0.00019704
1676937600001,0.00012877
1676966400004,0.00010000
1676995200011,0.00010000
1677024000009,0.00010000
1677052800010,0.00010000
1677081600000,0.00010000
1677110400006,0.00010000
1677139200005,0.00010000
1677168000002,0.00010000
1677196800015,0.00010000
1677225600011,0.00010000
1677254400014,0.00010000
1677283200015,0.00010000
1677312000015,0.00010000
1677340800015,0.00010000
1677369600007,0.00010000
1677398400012,0.00010000
1677427200000,0.00010000
1677456000011,0.00010000
1677484800003,0.00010000
1677513600000,0.00010000
1677542400011,0.00010000
1677571200018,0.00010000
1677600000005,0.00010000
1677628800016,0.00010000
1677657600000,0.00010000
1677686400008,0.00010000
1677715200009,0.00010000
1677744000013,0.00010000
1677772800000,0.00010000
1677801600000,0.00010000
1677830400013,-0.00005581
1677859200000,0.00009040
1677888000001,0.00010000
1677916800008,0.00010000
1677945600012,0.00010000
1677974400000,0.00004968
1678003200000,0.00010000
1678032000015,0.00010000
1678060800007,0.00010000
1678089600017,0.00000074
1678118400000,0.00010000
1678147200009,0.00010000
1678176000016,0.00010000
1678204800017,0.00010000
1678233600000,0.00010000
1678262400014,0.00005026
1678291200021,0.00004175
1678320000010,-0.00003196
1678348800013,0.00002507
1678377600002,-0.00001800
1678406400000,-0.00017248
1678435200000,-0.00002542
1678464000005,-0.00004928
1678492800011,-0.00003519
1678521600003,0.00010000
1678550400011,0.00004007
1678579200001,0.00010000
1678608000000,0.00010000
1678636800005,-0.00019562
1678665600010,0.00010000
1678694400018,0.00010000
1678723200003,0.00010000
1678752000010,0.00010000
1678780800009,0.00010000
1678809600010,0.00010000
1678838400011,0.00032007
1678867200000,0.00016958
1678896000012,0.00010000
1678924800004,0.00010000
1678953600018,0.00010000
1678982400005,0.00001715
1679011200017,0.00010000
1679040000010,0.00000117
1679068800003,0.00010000
1679097600012,0.00010000
1679126400000,0.00010000
1679155200016,0.00010000
1679184000013,0.00010000
1679212800024,0.00010000
1679241600000,0.00010000
1679270400005,0.00010000
1679299200012,0.00010000
1679328000015,0.00010000
1679356800006,-0.00005519
1679385600004,0.00008583
1679414400003,0.00010000
1679443200000,0.00010000
1679472000003,0.00010000
1679500800000,0.00010000
1679529600016,0.00008911
1679558400001,0.00010000
1679587200013,0.00010000
1679616000013,0.00010000
1679644800012,0.00010000
1679673600027,0.00010000
1679702400015,0.00009964
1679731200011,0.00010000
1679760000011,0.00010000
1679788800000,-0.00001776
1679817600015,0.00010000
1679846400000,0.00010000
1679875200019,0.00010000
1679904000009,0.00008413
1679932800000,0.00005710
1679961600007,0.00009201
1679990400000,0.00010000
1680019200013,0.00010000
1680048000010,0.00010000
1680076800006,0.00010000
1680105600014,0.00010000
1680134400000,0.00010000
1680163200000,0.00010000
1680192000006,0.00010000
1680220800003,0.00010000
1680249600006,0.00010000
1680278400011,0.00010000
1680307200000,0.00010000
1680336000000,0.00010000
1680364800018,0.00010000
1680393600013,0.00010000
1680422400014,0.00010000
1680451200001,0.00010000
1680480000000,0.00001475
1680508800013,0.00010000
1680537600011,0.00005136
1680566400002,0.00010000
1680595200017,0.00010000
1680624000008,0.00010000
1680652800000,0.00010000
1680681600016,0.00010000
1680710400004,0.00010000
1680739200000,0.00010000
1680768000011,0.00010000
1680796800000,0.00010000
1680825600006,0.00009912
1680854400005,0.00010000
1680883200000,0.00003719
1680912000000,0.00010000
1680940800014,0.00010000
1680969600018,0.00010000
1680998400013,0.00010000
1681027200024,0.00010000
1681056000010,0.00010000
1681084800000,0.00010000
1681113600010,0.00010000
1681142400006,0.00004662
1681171200008,0.00010000
1681200000007,0.00010000
1681228800016,0.00010000
1681257600006,0.00010000
1681286400008,0.00010000
1681315200014,0.00010000
1681344000027,0.00010000
1681372800010,0.00010000
1681401600000,0.00010000
1681430400001,0.00010000
1681459200008,0.00010000
1681488000007,0.00010000
1681516800007,0.00010000
1681545600007,0.00010000
1681574400011,0.00010000
1681603200014,0.00010000
1681632000007,0.00010000
1681660800002,0.00010000
1681689600017,0.00023233
1681718400006,0.00010000
1681747200000,0.00010000
1681776000013,0.00010000
1681804800017,0.00010000
1681833600000,0.00010682
1681862400022,0.00010000
1681891200014,0.00010000
1681920000000,-0.00004334
1681948800010,0.00010000
1681977600012,0.00010000
1682006400012,0.00010000
1682035200009,0.00010000
1682064000009,0.00010000
1682092800003,0.00007138
1682121600000,-0.00007663
1682150400000,-0.00001203
1682179200016,0.00001679
1682208000009,0.00009570
1682236800020,0.00010000
1682265600007,0.00009265
1682294400000,0.00002172
1682323200008,0.00010000
1682352000006,0.00005997
1682380800014,-0.00005274
1682409600009,0.00004659
1682438400015,0.00009194
1682467200015,0.00010000
1682496000013,0.00010000
1682524800001,0.00003161
1682553600014,-0.00011266
1682582400008,0.00010000
1682611200005,0.00010000
1682640000011,0.00010000
1682668800007,0.00010000
1682697600006,0.00007695
1682726400004,0.00010000
1682755200016,0.00010000
1682784000001,0.00010000
1682812800008,0.00010000
1682841600000,0.00010000
1682870400010,0.00010000
1682899200004,-0.00000868
1682928000008,0.00010000
1682956800014,0.00010000
1682985600015,0.00008544
1683014400018,0.00010000
1683043200000,0.00005882
1683072000009,0.00010000
1683100800003,0.00006999
1683129600011,0.00009328
1683158400000,0.00010000
1683187200000,0.00010000
1683216000011,0.00010000
1683244800002,0.00010000
1683273600000,0.00010000
1683302400000,0.00010000
1683331200009,0.00010000
1683360000000,0.00010000
1683388800000,0.00003093
1683417600000,-0.00000105
1683446400000,0.00010000
1683475200006,0.00006005
1683504000000,0.00005289
1683532800007,0.00002649
1683561600015,0.00010000
1683590400015,0.00010000
1683619200000,0.00001616
1683648000000,0.00010000
1683676800007,0.00010000
1683705600003,0.00010000
1683734400000,0.00006241
1683763200011,0.00010000
1683792000000,0.00010000
1683820800005,0.00004267
1683849600020,0.00003279
1683878400001,0.00010000
1683907200010,0.00007962
1683936000000,0.00010000
1683964800000,0.00010000
1683993600026,0.00007257
1684022400029,0.00010000
1684051200010,0.00010000
1684080000008,0.00010000
1684108800006,0.00004682
1684137600005,0.00010000
1684166400008,0.00006900
1684195200021,0.00009387
1684224000000,0.00010000
1684252800000,0.00010000
1684281600010,0.00010000
1684310400000,0.00010000
1684339200001,0.00010000
1684368000000,0.00010000
1684396800026,0.00010000
1684425600019,0.00010000
1684454400000,0.00010000
1684483200002,0.00010000
1684512000000,0.00010000
1684540800005,0.00010000
1684569600014,0.00010000
1684598400020,0.00010000
1684627200014,0.00010000
1684656000001,0.00010000
1684684800015,0.00010000
1684713600028,-0.00002813
1684742400000,0.00006470
1684771200012,0.00010000
1684800000006,0.00010000
1684828800014,0.00010000
1684857600008,0.00010000
1684886400000,0.00010000
1684915200025,0.00010000
1684944000008,0.00010000
1684972800000,0.00008292
1685001600025,0.00010000
1685030400016,0.00010000
1685059200000,0.00007718
1685088000024,0.00010000
1685116800012,0.00010000
1685145600012,0.00010000
1685174400018,0.00010000
1685203200008,0.00010000
1685232000017,0.00010000
1685260800015,0.00010000
1685289600000,0.00010000
1685318400000,0.00010000
1685347200020,0.00010000
1685376000011,0.00010000
1685404800003,0.00010000
1685433600000,0.00010000
1685462400003,0.00010000
1685491200013,0.00010000
1685520000000,0.00010000
1685548800000,0.00010000
1685577600008,0.00003920
1685606400012,0.00010000
1685635200000,0.00010000
1685664000000,0.00010000
1685692800006,0.00010000
1685721600012,0.00010000
1685750400000,0.00010000
1685779200011,0.00010000
1685808000003,0.00010000
1685836800000,0.00010000
1685865600000,0.00010000
1685894400000,0.00010000
1685923200005,0.00010000
1685952000000,0.00010000
1685980800000,0.00010000
1686009600000,-0.00008139
1686038400009,0.00004099
1686067200013,0.00010000
1686096000000,0.00010000
1686124800016,0.00010000
1686153600000,0.00010000
1686182400006,0.00003400
1686211200000,0.00009843
1686240000000,0.00010000
1686268800000,0.00009791
1686297600000,0.00010000
1686326400000,0.00010000
1686355200000,0.00010000
1686384000000,0.00010000
1686412800000,-0.00011126
1686441600001,-0.00009862
1686470400000,-0.00019074
1686499200000,-0.00001284
1686528000000,0.00000906
1686556800000,0.00007554
1686585600001,0.00010000
1686614400000,0.00006461
1686643200000,0.00002932
1686672000000,0.00006838
1686700800000,0.00006712
1686729600000,0.00004703
1686758400000,0.00010000
1686787200000,-0.00002728
1686816000000,0.00010000
1686844800000,0.00010000
1686873600000,0.00005070
1686902400000,0.00010000
1686931200000,0.00006899
1686960000000,0.00001404
1686988800000,0.00010000
1687017600000,0.00010000
1687046400000,0.00010000
1687075200000,0.00008033
1687104000000,0.00010000
1687132800000,0.00007052
1687161600000,0.00005836
1687190400000,0.00006516
1687219200001,0.00006372
1687248000000,0.00003454
1687276800000,-0.00002809
1687305600000,0.00010000
1687334400000,0.00004610
1687363200000,0.00003948
1687392000000,0.00000130
1687420800001,0.00008617
1687449600000,0.00010000
1687478400000,0.00010000
1687507200000,0.00010000
1687536000000,0.00010000
1687564800000,0.00010000
1687593600000,0.00010000
1687622400000,0.00010000
1687651200000,0.00010000
1687680000000,0.00010000
1687708800000,0.00010000
1687737600000,0.00006900
1687766400000,0.00010000
1687795200000,0.00010000
1687824000000,-0.00002125
1687852800000,0.00010000
1687881600000,0.00003782
1687910400000,0.00010000
1687939200000,-0.00006110
1687968000000,0.00007988
1687996800000,-0.00001137
1688025600000,0.00002352
1688054400000,0.00005711
1688083200000,0.00000448
1688112000000,0.00010000
1688140800001,0.00010000
1688169600000,0.00006744
1688198400000,0.00010000
1688227200000,0.00010000
1688256000000,0.00009620
1688284800000,0.00010000
1688313600001,0.00010000
1688342400000,0.00010000
1688371200000,0.00010000
1688400000000,0.00010000
1688428800001,0.00004247
1688457600000,0.00010000
1688486400000,0.00010000
1688515200000,-0.00002004
1688544000000,0.00010000
1688572800000,0.00003164
1688601600000,-0.00003310
1688630400000,0.00002396
1688659200000,-0.00009866
1688688000000,0.00004928
1688716800000,0.00004109
1688745600000,0.00003371
1688774400000,0.00000023
1688803200000,0.00010000
1688832000000,0.00002354
1688860800000,-0.00004211
1688889600000,0.00010000
1688918400000,0.00008168
1688947200000,0.00003000
1688976000000,-0.00002614
1689004800000,0.00010000
1689033600000,0.00010000
1689062400000,0.00010000
1689091200000,0.00006357
1689120000000,0.00001644
1689148800000,0.00008831
1689177600000,0.00010000
1689206400000,-0.00002342
1689235200000,0.00003931
1689264000000,0.00003789
1689292800000,0.00010000
1689321600000,0.00010000
1689350400000,0.00010000
1689379200000,-0.00006525
1689408000000,0.00010000
1689436800000,0.00010000
1689465600001,0.00010000
1689494400000,0.00010000
1689523200000,0.00010000
1689552000000,-0.00008735
1689580800000,0.00008014
1689609600000,0.00001962
1689638400000,0.00010000
1689667200000,0.00010000
1689696000000,0.00009229
1689724800000,0.00004825
1689753600000,0.00010000
1689782400001,0.00010000
1689811200000,0.00010000
1689840000000,0.00010000
1689868800000,0.00010000
1689897600001,-0.00013103
1689926400000,0.00005473
1689955200000,0.00010000
1689984000000,0.00010000
1690012800000,0.00010000
1690041600000,0.00010000
1690070400000,0.00010000
1690099200000,0.00010000
1690128000000,0.00010000
1690156800000,0.00010000
1690185600000,0.00006229
1690214400000,0.00006982
1690243200000,-0.00004459
1690272000000,0.00008344
1690300800000,0.00004965
1690329600000,0.00004619
1690358400001,0.00010000
1690387200000,0.00010000
1690416000000,-0.00001805
1690444800000,0.00007098
1690473600001,0.00005424
1690502400000,0.00010000
1690531200000,0.00010000
1690560000000,0.00000132
1690588800000,-0.00000559
1690617600000,0.00007753
1690646400001,0.00010000
1690675200000,0.00004221
1690704000000,0.00010000
1690732800000,0.00010000
1690761600000,0.00005152
1690790400000,0.00010000
1690819200001,0.00006861
1690848000000,-0.00008593
1690876800000,-0.00003261
1690905600000,0.00010000
1690934400000,0.00003153
1690963200000,0.00007636
1690992000000,-0.00001352
1691020800000,0.00004631
1691049600000,0.00010000
1691078400001,0.00010000
1691107200000,0.00001640
1691136000000,0.00005668
1691164800000,0.00010000
1691193600000,0.00010000
1691222400000,0.00010000
1691251200001,0.00010000
1691280000000,0.00010000
1691308800001,0.00010000
1691337600005,0.00010000
1691366400000,0.00010000
1691395200000,0.00010000
1691424000000,0.00010000
1691452800000,0.00004000
1691481600000,0.00008612
1691510400000,0.00010000
1691539200000,0.00010000
1691568000000,0.00010000
1691596800000,0.00010000
1691625600001,0.00010000
1691654400000,0.00010000
1691683200000,0.00010000
1691712000000,0.00002298
1691740800000,0.00010000
1691769600000,0.00010000
1691798400000,0.00010000
1691827200000,0.00006927
1691856000000,0.00010000
1691884800000,0.00010000
1691913600000,0.00010000
1691942400000,0.00009565
1691971200001,0.00008931
1692000000000,0.00010000
1692028800000,0.00010000
1692057600001,-0.00002597
1692086400000,0.00010000
1692115200000,0.00010000
1692144000000,-0.00012596
1692172800001,0.00010000
1692201600000,0.00004408
1692230400000,0.00001435
1692259200000,0.00010000
1692288000000,0.00008821
1692316800000,-0.00023767
1692345600000,-0.00008383
1692374400000,0.00010000
1692403200000,-0.00006550
1692432000000,-0.00005774
1692460800000,-0.00010674
1692489600000,0.00002417
1692518400000,0.00001344
1692547200000,-0.00004481
1692576000000,-0.00000135
1692604800000,-0.00002100
1692633600000,-0.00011197
1692662400000,0.00002244
1692691200000,0.00006296
1692720000000,-0.00003280
1692748800000,-0.00004238
1692777600000,-0.00007057
1692806400000,0.00004407
1692835200000,0.00010000
1692864000000,0.00010000
1692892800000,0.00010000
1692921600000,0.00010000
1692950400000,0.00010000
1692979200000,0.00010000
1693008000000,0.00010000
1693036800000,0.00010000
1693065600000,0.00010000
1693094400000,0.00010000
1693123200000,0.00005156
1693152000000,0.00010000
1693180800000,0.00009674
1693209600001,0.00008324
1693238400001,0.00010000
1693267200000,0.00010000
1693296000000,0.00005450
1693324800000,-0.00011147
1693353600000,0.00010000
1693382400000,0.00010000
1693411200000,0.00010000
1693440000000,0.00009123
1693468800000,0.00004699
1693497600000,0.00006536
1693526400000,0.00000385
1693555200000,0.00005672
1693584000001,0.00004076
1693612800000,0.00002248
1693641600000,0.00007954
1693670400000,0.00001909
1693699200000,-0.00012651
1693728000000,0.00000147
1693756800000,-0.00003011
1693785600000,-0.00004385
1693814400000,-0.00000398
1693843200000,0.00001331
1693872000000,0.00003506
1693900800000,0.00007176
1693929600000,-0.00004568
1693958400000,-0.00001057
1693987200000,0.00006092
1694016000001,0.00009182
1694044800000,0.00008264
1694073600000,0.00010000
1694102400000,0.00010000
1694131200000,0.00010000
1694160000000,0.00006290
1694188800000,0.00006466
1694217600000,0.00010000
1694246400000,-0.00001622
1694275200000,0.00003941
1694304000000,0.00005573
1694332800000,-0.00002694
1694361600000,0.00002816
1694390400000,-0.00004254
1694419200000,0.00010000
1694448000001,0.00001405
1694476800000,-0.00009115
1694505600000,-0.00008521
1694534400000,0.00005095
1694563200000,0.00001172
1694592000000,0.00008762
1694620800000,0.00008542
1694649600000,0.00003846
1694678400001,0.00004175
1694707200000,0.00002089
1694736000000,0.00004255
1694764800000,-0.00005400
1694793600000,0.00010000
1694822400000,0.00008412
1694851200000,0.00009906
1694880000000,-0.00005613
1694908800000,0.00000850
1694937600000,-0.00004057
1694966400000,0.00006516
1694995200000,0.00004811
1695024000000,0.00005675
1695052800000,0.00010000
1695081600000,0.00010000
1695110400001,0.00001285
1695139200000,0.00010000
1695168000000,0.00010000
1695196800000,0.00002999
1695225600000,-0.00006451
1695254400001,0.00007920
1695283200000,0.00008895
1695312000000,0.00008051
1695340800000,0.00010000
1695369600000,0.00005554
1695398400000,0.00003133
1695427200000,0.00002587
1695456000000,0.00002717
1695484800000,-0.00004757
1695513600000,-0.00001121
1695542400000,0.00000281
1695571200000,0.00002478
1695600000000,0.00006509
1695628800000,0.00007982
1695657600000,0.00010000
1695686400000,0.00002093
1695715200000,0.00008428
1695744000000,0.00005687
1695772800000,0.00010000
1695801600001,0.00010000
1695830400000,0.00010000
1695859200000,-0.00000799
1695888000000,0.00008392
1695916800000,0.00007046
1695945600000,0.00000615
1695974400000,0.00010000
1696003200000,0.00005720
1696032000000,0.00009699
1696060800000,0.00010000
1696089600000,0.00006790
1696118400000,0.00006706
1696147200000,0.00006163
1696176000000,0.00001042
1696204800000,0.00010000
1696233600000,0.00010000
1696262400000,0.00007137
1696291200000,0.00010000
1696320000000,0.00010000
1696348800000,0.00006705
1696377600000,-0.00000063
1696406400000,-0.00007217
1696435200000,-0.00001255
1696464000000,-0.00000552
1696492800000,0.00010000
1696521600001,0.00004209
1696550400000,0.00010000
1696579200000,0.00010000
1696608000000,0.00003519
1696636800000,0.00006977
1696665600000,0.00010000
1696694400000,0.00008205
1696723200000,0.00010000
1696752000001,0.00010000
1696780800000,0.00010000
1696809600000,0.00010000
1696838400000,0.00010000
1696867200000,-0.00006849
1696896000000,-0.00002114
1696924800000,0.00002680
1696953600000,0.00005619
1696982400000,0.00001671
1697011200000,0.00010000
1697040000000,0.00002876
1697068800000,-0.00000965
1697097600000,0.00000850
1697126400000,0.00001992
1697155200000,0.00003518
1697184000000,0.00002378
1697212800000,-0.00001049
1697241600000,0.00006413
1697270400000,0.00010000
1697299200000,0.00008575
1697328000000,0.00010000
1697356800000,0.00008658
1697385600000,0.00010000
1697414400000,0.00006914
1697443200000,0.00010000
1697472000000,0.00010000
1697500800000,-0.00004861
1697529600000,0.00006463
1697558400000,0.00004366
1697587200000,-0.00009918
1697616000000,0.00007591
1697644800000,0.00002805
1697673600000,-0.00013043
1697702400001,-0.00008663
1697731200000,-0.00005965
1697760000000,-0.00005472
1697788800005,-0.00007993
1697817600000,0.00010000
1697846400000,0.00006403
1697875200000,0.00009021
1697904000000,0.00010000
1697932800000,0.00010000
1697961600000,0.00010000
1697990400000,0.00010000
1698019200000,0.00010000
1698048000001,0.00005907
1698076800001,-0.00006692
1698105600000,0.00010000
1698134400000,0.00010000
1698163200000,0.00010000
1698192000000,0.00010000
1698220800000,0.00010000
1698249600001,0.00010000
1698278400001,0.00010000
1698307200000,0.00010000
1698336000000,0.00010000
1698364800000,0.00010000
1698393600000,0.00010000
1698422400000,0.00010000
1698451200000,0.00010000
1698480000001,0.00010000
1698508800000,0.00010000
1698537600000,0.00010000
1698566400000,0.00010000
1698595200000,0.00010000
1698624000000,0.00010000
1698652800000,0.00010000
1698681600000,0.00010000
1698710400001,0.00010000
1698739200000,0.00010000
1698768000000,0.00010000
1698796800000,0.00010000
1698825600000,0.00010000
1698854400000,0.00010000
1698883200001,0.00025568
1698912000000,0.00017208
1698940800000,0.00010000
1698969600000,0.00010000
1698998400000,0.00010000
1699027200000,0.00011207
1699056000000,0.00010000
1699084800000,0.00010000
1699113600000,0.00010000
1699142400000,0.00010000
1699171200000,0.00012585
1699200000000,0.00010634
1699228800000,0.00010000
1699257600001,0.00015464
1699286400000,0.00010000
1699315200001,0.00021630
1699344000000,0.00011602
1699372800000,0.00010000
1699401600000,0.00018785
1699430400000,0.00026958
1699459200000,0.00012546
1699488000000,0.00010000
1699516800000,0.00028314
1699545600000,0.00038162
1699574400000,0.00010000
1699603200000,0.00029557
1699632000000,0.00010000
1699660800000,0.00010000
1699689600000,0.00010000
1699718400000,0.00010000
1699747200000,0.00010000
1699776000000,0.00017260
1699804800001,0.00018130
1699833600000,0.00032827
1699862400000,0.00010982
1699891200000,0.00021106
1699920000000,0.00037262
1699948800000,0.00013103
1699977600001,0.00010000
1700006400000,0.00010000
1700035200000,0.00014099
1700064000000,0.00010000
1700092800000,0.00010000
1700121600000,0.00034833
1700150400001,0.00014821
1700179200000,0.00010000
1700208000001,0.00010000
1700236800001,0.00010000
1700265600000,0.00010000
1700294400000,0.00010000
1700323200000,0.00010000
1700352000000,0.00010000
1700380800000,0.00010000
1700409600000,0.00010000
1700438400000,0.00010000
1700467200000,0.00023549
1700496000000,0.00011714
1700524800000,0.00022576
1700553600000,0.00022633
1700582400000,0.00010000
1700611200000,0.00010000
1700640000000,0.00010000
1700668800000,0.00010000
1700697600000,0.00010000
1700726400000,0.00010000
1700755200001,0.00010000
1700784000000,0.00010000
1700812800000,0.00010000
1700841600000,0.00015733
1700870400000,0.00010000
1700899200000,0.00012790
1700928000000,0.00013201
1700956800000,0.00024597
1700985600000,0.00020622
1701014400000,0.00012148
1701043200000,0.00018068
1701072000001,0.00010000
1701100800000,0.00010000
1701129600000,0.00010000
1701158400000,0.00010000
1701187200000,0.00010000
1701216000001,0.00010000
1701244800000,0.00010000
1701273600000,0.00010000
1701302400000,0.00010000
1701331200000,0.00010000
1701360000000,0.00010000
1701388800000,0.00010000
1701417600000,0.00010000
1701446400000,0.00022399
1701475200000,0.00010000
1701504000000,0.00017364
1701532800000,0.00027440
1701561600000,0.00040159
1701590400000,0.00033536
1701619200000,0.00019149
1701648000000,0.00033416
1701676800000,0.00049377
1701705600000,0.00017889
1701734400000,0.00014668
1701763200000,0.00014721
1701792000000,0.00013867
1701820800000,0.00041103
1701849600000,0.00033920
1701878400000,0.00011391
1701907200000,0.00013544
1701936000000,0.00020386
1701964800000,0.00017278
1701993600000,0.00030778
1702022400000,0.00038132
1702051200000,0.00017521
1702080000000,0.00023314
1702108800000,0.00054591
1702137600000,0.00043676
1702166400000,0.00029247
1702195200000,0.00036672
1702224000000,0.00051546
1702252800000,0.00059403
1702281600000,0.00010000
1702310400000,0.00010000
1702339200000,0.00010000
1702368000000,0.00010000
1702396800000,0.00010000
1702425600000,0.00010000
1702454400000,0.00010000
1702483200001,0.00010000
1702512000000,0.00010000
1702540800000,0.00010000
1702569600000,0.00013173
1702598400000,0.00013120
1702627200000,0.00028561
1702656000000,0.00029402
1702684800000,0.00010000
1702713600000,0.00010000
1702742400001,0.00010000
1702771200000,0.00010000
1702800000000,0.00010000
1702828800000,0.00010568
1702857600000,0.00010000
1702886400001,0.00010000
1702915200000,0.00010000
1702944000000,0.00010000
1702972800000,0.00010000
1703001600000,0.00010000
1703030400000,0.00010000
1703059200000,0.00012917
1703088000000,0.00031350
1703116800000,0.00036871
1703145600000,0.00035134
1703174400000,0.00041825
1703203200000,0.00049673
1703232000000,0.00027350
1703260800000,0.00042578
1703289600000,0.00019431
1703318400001,0.00012404
1703347200000,0.00015099
1703376000000,0.00015440
1703404800000,0.00035448
1703433600000,0.00033708
1703462400000,0.00012673
1703491200000,0.00034937
1703520000000,0.00043433
1703548800000,0.00054024
1703577600000,0.00041994
1703606400000,0.00050407
1703635200000,0.00035243
1703664000000,0.00014133
1703692800000,0.00060406
1703721600000,0.00053315
1703750400000,0.00057859
1703779200000,0.00067049
1703808000001,0.00071592
1703836800000,0.00034533
1703865600000,0.00052506
1703894400001,0.00025422
1703923200000,0.00042263
1703952000000,0.00038362
1703980800000,0.00028951
1704009600001,0.00045882
1704038400000,0.00039101
1704067200000,0.00051215
1704096000000,0.00037258
1704124800000,0.00059120
1704153600000,0.00079093
1704182400000,0.00053031
1704211200000,0.00057249
1704240000000,0.00031087
1704268800000,0.00032716
1704297600000,0.00010000
1704326400000,0.00010000
1704355200000,0.00010000
1704384000000,-0.00000863
1704412800001,0.00008558
1704441600000,0.00010000
1704470400000,0.00010000
1704499200000,0.00010000
1704528000000,0.00010000
1704556800000,0.00010000
1704585600000,0.00010000
1704614400001,0.00010000
1704643200001,0.00010000
1704672000000,0.00009388
1704700800000,0.00009025
1704729600000,0.00010000
1704758400001,0.00010000
1704787200000,0.00010000
1704816000000,0.00010000
1704844800000,0.00010000
1704873600000,0.00010000
1704902400000,0.00010000
1704931200000,0.00010000
1704960000000,0.00010000
1704988800000,0.00010000
1705017600001,0.00010000
1705046400000,0.00010000
1705075200000,0.00010000
1705104000000,0.00010000
1705132800000,0.00010000
1705161600001,0.00010000
1705190400000,0.00010000
1705219200000,0.00010000
1705248000001,0.00010000
1705276800000,0.00010000
1705305600000,0.00010000
1705334400000,0.00010000
1705363200000,0.00010000
1705392000000,0.00010000
1705420800001,0.00010000
1705449600000,0.00010000
1705478400000,0.00010000
1705507200000,0.00010000
1705536000001,0.00010000
1705564800000,0.00010000
1705593600000,0.00010000
1705622400000,0.00010000
1705651200000,0.00010000
1705680000002,0.00010000
1705708800000,0.00010000
1705737600003,0.00010000
1705766400000,0.00010000
1705795200000,0.00010000
1705824000000,0.00010000
1705852800000,0.00010000
1705881600000,0.00010000
1705910400000,0.00010000
1705939200000,0.00010000
1705968000000,0.00010000
1705996800000,0.00010000
1706025600000,0.00010000
1706054400000,0.00010000
1706083200000,0.00010000
1706112000000,0.00010000
1706140800000,0.00010000
1706169600001,0.00010000
1706198400000,0.00010000
1706227200001,0.00010000
1706256000000,0.00010000
1706284800000,0.00010000
1706313600000,0.00010000
1706342400000,0.00010000
1706371200000,0.00010000
1706400000000,0.00010000
1706428800000,0.00010000
1706457600000,0.00010000
1706486400000,0.00010000
1706515200001,0.00010000
1706544000000,0.00010000
1706572800000,0.00010000
1706601600000,0.00010000
1706630400001,0.00010000
1706659200000,0.00010000
1706688000000,0.00010000
1706716800000,0.00010000
1706745600000,0.00010000
1706774400000,0.00010000
1706803200002,0.00010000
1706832000000,0.00010000
1706860800000,0.00010000
1706889600000,0.00010000
1706918400000,0.00010000
1706947200000,0.00010000
1706976000001,0.00010000
1707004800000,0.00010000
1707033600004,0.00010000
1707062400000,0.00010000
1707091200000,0.00010000
1707120000000,0.00010000
1707148800000,0.00010000
1707177600000,0.00010000
1707206400001,0.00010000
1707235200000,0.00010000
1707264000000,0.00010000
1707292800000,0.00010000
1707321600000,0.00010000
1707350400000,0.00010000
1707379200000,0.00010000
1707408000000,0.00010000
1707436800000,0.00010000
1707465600000,0.00010000
1707494400001,0.00010000
1707523200001,0.00010000
1707552000000,0.00010000
1707580800000,0.00010000
1707609600000,0.00010000
1707638400001,0.00010000
1707667200000,0.00010000
1707696000000,0.00010000
1707724800000,0.00010000
1707753600000,0.00010000
1707782400000,0.00010000
1707811200000,0.00010000
1707840000000,0.00019099
1707868800000,0.00019203
1707897600000,0.00014380
1707926400000,0.00039967
1707955200000,0.00044347
1707984000000,0.00044705
1708012800000,0.00044535
1708041600000,0.00040940
1708070400000,0.00059636
1708099200000,0.00035911
1708128000000,0.00028863
1708156800000,0.00044065
1708185600000,0.00019021
1708214400000,0.00022448
1708243200000,0.00030616
1708272000000,0.00025742
1708300800000,0.00030546
1708329600000,0.00034904
1708358400000,0.00033337
1708387200000,0.00054424
1708416000000,0.00043863
1708444800000,0.00036168
1708473600000,0.00030832
1708502400000,0.00024637
1708531200000,0.00010000
1708560000001,0.00010000
1708588800001,0.00020842
1708617600000,0.00029914
1708646400000,0.00027560
1708675200000,0.00022716
1708704000000,0.00032947
1708732800000,0.00032773
1708761600001,0.00038283
1708790400000,0.00036013
1708819200001,0.00045130
1708848000000,0.00047214
1708876800000,0.00044696
1708905600000,0.00065090
1708934400000,0.00057253
1708963200000,0.00049507
1708992000000,0.00049760
1709020800000,0.00078348
1709049600000,0.00047945
1709078400000,0.00051282
1709107200000,0.00056070
1709136000000,0.00076180
1709164800000,0.00054986
1709193600000,0.00094827
1709222400000,0.00080294
1709251200000,0.00047298
1709280000000,0.00075883
1709308800000,0.00072460
1709337600000,0.00082214
1709366400001,0.00109108
1709395200000,0.00084515
1709424000000,0.00062490
1709452800000,0.00071867
1709481600000,0.00025930
1709510400000,0.00034577
1709539200000,0.00061369
1709568000000,0.00072817
1709596800000,0.00067384
1709625600000,0.00117899
1709654400000,0.00089774
1709683200000,0.00010000
1709712000001,0.00010386
1709740800000,0.00040694
1709769600000,0.00050746
1709798400000,0.00040848
1709827200000,0.00046307
1709856000000,0.00057635
1709884800000,0.00042630
1709913600000,0.00054060
1709942400000,0.00048351
1709971200001,0.00055869
1710000000000,0.00065015
1710028800000,0.00049658
1710057600000,0.00064748
1710086400000,0.00039086
1710115200000,0.00054859
1710144000000,0.00052263
1710172800000,0.00062993
1710201600000,0.00082054
1710230400000,0.00054657
1710259200000,0.00039955
1710288000000,0.00059325
1710316800001,0.00066746
1710345600000,0.00057556
1710374400001,0.00045517
1710403200000,0.00055964
1710432000000,0.00048669
1710460800000,0.00053874
1710489600000,0.00033664
1710518400000,0.00019287
1710547200000,0.00010000
1710576000000,0.00026530
1710604800000,0.00010000
1710633600000,0.00017413
1710662400000,0.00018093
1710691200000,0.00023551
1710720000000,0.00012147
1710748800000,0.00020347
1710777600001,0.00028786
1710806400000,0.00029403
1710835200000,0.00010000
1710864000001,0.00010000
1710892800000,0.00011114
1710921600004,0.00012694
1710950400000,0.00010000
1710979200000,0.00010042
1711008000000,0.00010000
1711036800000,0.00010755
1711065600000,0.00030309
1711094400000,0.00023997
1711123200000,0.00010132
1711152000000,0.00010000
1711180800000,0.00026820
1711209600000,0.00028945
1711238400000,0.00030223
1711267200000,0.00018284
1711296000000,0.00010000
1711324800000,0.00011321
1711353600001,0.00010000
1711382400000,0.00023841
1711411200000,0.00026279
1711440000000,0.00029750
1711468800000,0.00030235
1711497600000,0.00041753
1711526400001,0.00043333
1711555200000,0.00032507
1711584000000,0.00052578
1711612800000,0.00043531
1711641600000,0.00035367
1711670400000,0.00052196
1711699200000,0.00047498
1711728000000,0.00051058
1711756800000,0.00044869
1711785600000,0.00033453
1711814400000,0.00048763
1711843200000,0.00040577
1711872000000,0.00048902
1711900800001,0.00057170
1711929600000,0.00061188
1711958400000,0.00043658
1711987200000,0.00030865
1712016000007,0.00017283
1712044800015,0.00010000
1712073600000,0.00014312
1712102400000,0.00010000
1712131200000,0.00010000
1712160000000,0.00010000
1712188800000,0.00017718
1712217600000,0.00019388
1712246400000,0.00016670
1712275200000,0.00023550
1712304000000,0.00014733
1712332800000,0.00019140
1712361600000,0.00024382
1712390400000,0.00018185
1712419200000,0.00010000
1712448000000,0.00016248
1712476800000,0.00016676
1712505600000,0.00010000
1712534400001,0.00010000
1712563200000,0.00010032
1712592000006,0.00026121
1712620800000,0.00022082
1712649600001,0.00019726
1712678400001,0.00010000
1712707200000,0.00010000
1712736000001,0.00010000
1712764800000,0.00014879
1712793600000,0.00015187
1712822400000,0.00010000
1712851200000,0.00030433
1712880000000,0.00024137
1712908800001,0.00017554
1712937600000,0.00020342
1712966400000,0.00010000
1712995200000,0.00010000
1713024000001,0.00010000
1713052800000,0.00010000
1713081600000,0.00010000
1713110400000,0.00010000
1713139200000,0.00005819
1713168000001,0.00010000
1713196800000,0.00010000
1713225600001,0.00001044
1713254400000,0.00010000
1713283200000,0.00010000
1713312000000,0.00004677
1713340800000,0.00005975
1713369600000,0.00010000
1713398400000,0.00009039
1713427200000,0.00010000
1713456000000,0.00008077
1713484800001,0.00010000
1713513600000,0.00008249
1713542400000,0.00008657
1713571200000,0.00010000
1713600000000,0.00009144
1713628800000,0.00003265
1713657600000,0.00010000
1713686400000,0.00009525
1713715200000,0.00009187
1713744000000,0.00010000
1713772800000,0.00010000
1713801600000,0.00003288
1713830400000,0.00010000
1713859200000,0.00004407
1713888000001,0.00005910
1713916800000,0.00010000
1713945600000,0.00010000
1713974400000,0.00007894
1714003200000,-0.00000985
1714032000000,0.00004312
1714060800010,0.00005782
1714089600001,-0.00003282
1714118400000,-0.00000083
1714147200000,0.00007424
1714176000000,0.00010000
1714204800001,0.00004917
1714233600000,-0.00001787
1714262400000,0.00010000
1714291200000,0.00010000
1714320000000,0.00004540
1714348800000,0.00010000
1714377600000,0.00010000
1714406400000,0.00003521
1714435200000,0.00000720
1714464000000,0.00010000
1714492800000,-0.00002807
1714521600000,-0.00011794
1714550400000,0.00006616
1714579200000,0.00010000
1714608000000,0.00008152
1714636800000,0.00010000
1714665600002,0.00007968
1714694400000,0.00004663
1714723200000,0.00009514
1714752000000,0.00010000
1714780800000,0.00010000
1714809600000,0.00010000
1714838400000,0.00010000
1714867200000,0.00010000
1714896000000,0.00010000
1714924800000,0.00010000
1714953600000,0.00010000
1714982400000,0.00010000
1715011200000,0.00010000
1715040000000,0.00007931
1715068800000,0.00010000
1715097600000,0.00010000
1715126400000,0.00010000
1715155200000,0.00009928
1715184000000,0.00010000
1715212800000,0.00001683
1715241600000,-0.00000191
1715270400000,0.00000960
1715299200000,0.00010000
1715328000000,0.00010000
1715356800000,0.00010000
1715385600000,0.00004556
1715414400000,0.00008091
1715443200000,0.00010000
1715472000000,0.00010000
1715500800000,0.00010000
1715529600000,0.00010000
1715558400001,0.00010000
1715587200001,0.00005876
1715616000000,0.00010000
1715644800000,0.00010000
1715673600000,0.00010000
1715702400000,0.00010000
1715731200000,0.00003006
1715760000000,0.00007234
1715788800000,0.00010000
1715817600004,0.00010000
1715846400000,0.00010000
1715875200000,0.00010000
1715904000000,0.00010000
1715932800000,0.00010000
1715961600000,0.00010000
1715990400000,0.00010000
1716019200000,0.00010000
1716048000000,0.00010000
1716076800000,0.00010000
1716105600000,0.00010000
1716134400000,0.00010000
1716163200000,0.00010000
1716192000000,0.00010000
1716220800003,0.00010000
1716249600000,0.00010000
1716278400001,0.00010000
1716307200000,0.00010000
1716336000000,0.00010000
1716364800000,0.00010000
1716393600000,0.00010000
1716422400000,0.00010000
1716451200000,0.00010000
1716480000000,0.00010000
1716508800000,0.00010000
1716537600000,0.00010000
1716566400000,0.00010000
1716595200000,0.00010000
1716624000000,0.00010000
1716652800000,0.00010000
1716681600000,0.00010000
1716710400000,0.00010000
1716739200000,0.00010000
1716768000000,0.00010000
1716796800000,0.00010000
1716825600000,0.00010000
1716854400000,0.00010000
1716883200000,0.00010000
1716912000000,0.00010000
1716940800001,0.00027060
1716969600000,0.00010000
1716998400000,0.00010000
1717027200000,0.00010000
1717056000000,0.00011096
1717084800000,0.00018767
1717113600000,0.00016390
1717142400000,0.00011169
1717171200000,0.00010000
1717200000000,0.00010000
1717228800000,0.00019552
1717257600001,0.00017150
1717286400000,0.00010792
1717315200000,0.00016319
1717344000000,0.00010627
1717372800000,0.00011350
1717401600000,0.00017916
1717430400000,0.00010000
1717459200000,0.00010000
1717488000000,0.00010000
1717516800000,0.00010000
1717545600000,0.00031242
1717574400000,0.00021845
1717603200000,0.00018877
1717632000000,0.00016657
1717660800008,0.00023158
1717689600000,0.00020200
1717718400000,0.00017907
1717747200000,0.00020334
1717776000000,0.00018879
1717804800000,0.00010000
1717833600000,0.00010000
1717862400000,0.00009126
1717891200000,0.00005756
1717920000000,0.00000979
1717948800001,-0.00003469
1717977600000,0.00010000
1718006400000,0.00010000
1718035200001,0.00010000
1718064000001,0.00010000
1718092800000,0.00010000
1718121600000,0.00008157
1718150400000,0.00007290
1718179200000,0.00007182
1718208000000,-0.00010677
1718236800000,0.00010000
1718265600001,0.00005963
1718294400000,-0.00003517
1718323200000,0.00010000
1718352000000,0.00010000
1718380800000,-0.00001845
1718409600000,-0.00008201
1718438400000,0.00005256
1718467200000,0.00010000
1718496000001,0.00008857
1718524800000,0.00010000
1718553600000,-0.00011655
1718582400000,-0.00006372
1718611200000,0.00007063
1718640000000,-0.00005306
1718668800000,-0.00009977
1718697600000,-0.00006145
1718726400000,-0.00001067
1718755200001,0.00004757
1718784000001,0.00001157
1718812800000,0.00007745
1718841600000,0.00006525
1718870400000,-0.00009570
1718899200000,0.00010000
1718928000000,0.00005942
1718956800000,0.00010000
1718985600000,0.00010000
1719014400000,0.00005189
1719043200000,0.00008200
1719072000000,0.00001579
1719100800000,-0.00000968
1719129600000,-0.00002490
1719158400000,0.00010000
1719187200002,0.00010000
1719216000000,0.00008296
1719244800000,0.00002799
1719273600000,0.00010000
1719302400000,-0.00001084
1719331200000,0.00010000
1719360000002,0.00007561
1719388800000,0.00010000
1719417600000,0.00010000
1719446400000,0.00010000
1719475200001,0.00010000
1719504000000,0.00010000
1719532800000,0.00007129
1719561600000,0.00010000
1719590400000,0.00010000
1719619200001,0.00010000
1719648000000,0.00010000
1719676800000,0.00009443
1719705600000,0.00003532
1719734400000,0.00007306
1719763200000,0.00006621
1719792000000,0.00008001
1719820800000,0.00007436
1719849600001,0.00010000
1719878400000,0.00010000
1719907200000,0.00009842
1719936000000,0.00003182
1719964800000,0.00007521
1719993600001,0.00010000
1720022400000,0.00010000
1720051200000,0.00010000
1720080000000,0.00006098
1720108800000,0.00007486
1720137600000,-0.00005674
1720166400000,-0.00012910
1720195200000,-0.00012737
1720224000000,-0.00022012
1720252800000,0.00008874
1720281600000,0.00009720
1720310400001,0.00010000
1720339200000,0.00010000
1720368000000,0.00004199
1720396800000,-0.00002967
1720425600000,-0.00005029
1720454400000,0.00010000
1720483200000,0.00002790
1720512000001,-0.00003910
1720540800000,0.00010000
1720569600000,0.00007235
1720598400000,0.00010000
1720627200000,0.00010000
1720656000002,-0.00001198
1720684800002,0.00010000
1720713600004,0.00010000
1720742400000,0.00009760
1720771200000,0.00007266
1720800000000,0.00010000
1720828800000,0.00010000
1720857600000,0.00010000
1720886400000,0.00010000
1720915200000,0.00010000
1720944000000,0.00000603
1720972800000,0.00006585
1721001600000,0.00010000
1721030400000,0.00010000
1721059200000,0.00008472
1721088000000,0.00010000
1721116800000,0.00010000
1721145600000,0.00010000
1721174400000,0.00008227
1721203200001,0.00010000
1721232000000,0.00008548
1721260800000,0.00001540
1721289600000,0.00009361
1721318400000,0.00010000
1721347200000,0.00010000
1721376000000,0.00010000
1721404800000,0.00010000
1721433600001,0.00010000
1721462400000,0.00010000
1721491200000,0.00010000
1721520000000,0.00010000
1721548800000,0.00010000
1721577600000,0.00006752
1721606400000,0.00010000
1721635200000,0.00010000
1721664000000,-0.00000729
1721692800000,0.00004049
1721721600000,0.00005587
1721750400000,0.00009624
1721779200000,-0.00004437
1721808000000,-0.00002055
1721836800000,-0.00006428
1721865600000,-0.00011508
1721894400000,-0.00004706
1721923200000,0.00004938
1721952000000,-0.00005869
1721980800000,0.00006982
1722009600000,0.00001629
1722038400000,-0.00008528
1722067200000,0.00010000
1722096000000,0.00010000
1722124800000,0.00010000
1722153600000,0.00010000
1722182400001,0.00010000
1722211200001,0.00010000
1722240000000,0.00010000
1722268800001,0.00010000
1722297600000,0.00010000
1722326400001,0.00010000
1722355200000,0.00010000
1722384000000,0.00003907
1722412800000,0.00009657
1722441600000,0.00000895
1722470400000,0.00002366
1722499200000,0.00010000
1722528000000,0.00010000
1722556800000,0.00004412
1722585600001,0.00007108
1722614400000,0.00004199
1722643200000,0.00003797
1722672000000,0.00007158
1722700800001,0.00003990
1722729600000,0.00001743
1722758400000,-0.00000633
1722787200000,-0.00004275
1722816000000,0.00003428
1722844800000,0.00004172
1722873600000,0.00009081
1722902400000,0.00007327
1722931200000,-0.00012295
1722960000000,-0.00002800
1722988800000,-0.00011845
1723017600001,-0.00006253
1723046400000,-0.00020391
1723075200001,-0.00001477
1723104000000,0.00004861
1723132800000,0.00001520
1723161600000,0.00010000
1723190400000,0.00002708
1723219200000,0.00010000
1723248000000,0.00004450
1723276800000,0.00010000
1723305600000,0.00006559
1723334400000,-0.00004427
1723363200000,0.00001330
1723392000001,0.00005694
1723420800000,0.00002863
1723449600000,0.00010000
1723478400000,0.00008265
1723507200000,0.00005675
1723536000000,0.00010000
1723564800000,0.00010000
1723593600000,0.00007737
1723622400000,0.00006619
1723651200000,0.00007553
1723680000000,-0.00000618
1723708800000,0.00010000
1723737600000,0.00005739
1723766400000,0.00005196
1723795200000,0.00010000
1723824000000,-0.00004022
1723852800000,0.00009757
1723881600000,0.00008151
1723910400000,0.00003682
1723939200000,-0.00003722
1723968000000,0.00007492
1723996800000,0.00007796
1724025600000,-0.00004715
1724054400000,-0.00005690
1724083200002,0.00003098
1724112000000,0.00010000
1724140800000,0.00005645
1724169600001,0.00002628
1724198400001,0.00010000
1724227200000,-0.00001184
1724256000001,0.00010000
1724284800000,0.00010000
1724313600000,0.00010000
1724342400008,0.00010000
1724371200000,0.00008610
1724400000000,0.00010000
1724428800000,0.00010000
1724457600000,0.00004519
1724486400005,0.00005889
1724515200000,0.00008325
1724544000000,0.00010000
1724572800000,0.00005552
1724601600000,0.00010000
1724630400000,0.00002836
1724659200001,0.00010000
1724688000000,0.00006775
1724716800001,0.00006887
1724745600000,0.00001644
1724774400000,0.00007523
1724803200000,-0.00005004
1724832000000,-0.00014138
1724860800001,0.00006419
1724889600000,-0.00008673
1724918400001,-0.00007767
1724947200000,0.00006878
1724976000000,0.00005786
1725004800000,0.00010000
1725033600000,-0.00001000
1725062400000,0.00005575
1725091200000,0.00009702
1725120000000,0.00010000
1725148800000,-0.00001783
1725177600001,0.00007544
1725206400000,-0.00010122
1725235200001,-0.00010725
1725264000001,-0.00004540
1725292800000,0.00001065
1725321600000,0.00001670
1725350400001,0.00009266
1725379200000,-0.00001501
1725408000000,-0.00007572
1725436800000,0.00000300
1725465600000,0.00000831
1725494400000,0.00006263
1725523200000,0.00010000
1725552000005,0.00010000
1725580800000,0.00002229
1725609600001,0.00000453
1725638400000,0.00003205
1725667200000,-0.00008230
1725696000000,0.00009257
1725724800000,0.00010000
1725753600000,0.00008920
1725782400000,0.00007368
1725811200000,0.00010000
1725840000000,0.00005234
1725868800000,0.00010000
1725897600001,0.00004928
1725926400000,0.00010000
1725955200000,0.00003794
1725984000000,0.00003818
1726012800000,0.00009257
1726041600000,0.00006829
1726070400000,0.00008513
1726099200000,0.00007160
1726128000000,0.00005794
1726156800000,0.00001700
1726185600000,0.00010000
1726214400001,0.00004290
1726243200001,0.00009451
1726272000000,-0.00002806
1726300800000,0.00005930
1726329600001,0.00000380
1726358400000,0.00002239
1726387200000,-0.00001568
1726416000000,-0.00018390
1726444800000,-0.00021884
1726473600001,-0.00010683
1726502400000,-0.00005889
1726531200001,-0.00006469
1726560000000,0.00001765
1726588800000,0.00000420
1726617600000,-0.00002444
1726646400000,0.00003251
1726675200004,-0.00005467
1726704000000,0.00008728
1726732800000,0.00010000
1726761600001,0.00010000
1726790400000,0.00010000
1726819200001,0.00010000
1726848000000,0.00010000
1726876800001,0.00010000
1726905600000,0.00010000
1726934400000,0.00010000
1726963200000,0.00010000
1726992000000,0.00010000
1727020800000,0.00005758
1727049600000,0.00002403
1727078400000,0.00010000
1727107200000,0.00010000
1727136000000,0.00010000
1727164800000,0.00010000
1727193600001,0.00006550
1727222400000,0.00010000
1727251200003,0.00007871
1727280000000,0.00010000
1727308800005,0.00010000
1727337600000,0.00010000
1727366400000,0.00010000
1727395200000,0.00010000
1727424000000,0.00010000
1727452800000,0.00010000
1727481600000,0.00010000
1727510400001,0.00010000
1727539200000,0.00010000
1727568000001,0.00010000
1727596800000,0.00010000
1727625600000,0.00010000
1727654400000,0.00008297
1727683200001,0.00010000
1727712000000,0.00010000
1727740800000,0.00008217
1727769600000,0.00010000
1727798400001,0.00001062
1727827200000,-0.00005070
1727856000000,0.00009779
1727884800000,0.00005671
1727913600000,0.00006003
1727942400000,0.00005967
1727971200000,0.00006667
1728000000000,0.00003943
1728028800000,0.00010000
1728057600001,0.00007078
1728086400000,-0.00006440
1728115200000,0.00010000
1728144000000,0.00005197
1728172800000,0.00010000
1728201600001,0.00010000
1728230400000,0.00002647
1728259200000,0.00010000
1728288000000,0.00010000
1728316800001,0.00010000
1728345600000,0.00010000
1728374400000,0.00010000
1728403200000,0.00010000
1728432000000,0.00010000
1728460800000,0.00010000
1728489600000,0.00010000
1728518400000,0.00010000
1728547200000,0.00010000
1728576000000,0.00010000
1728604800000,0.00010000
1728633600000,0.00008544
1728662400001,0.00010000
1728691200000,0.00010000
1728720000001,0.00010000
1728748800000,0.00010000
1728777600000,0.00010000
1728806400000,0.00010000
1728835200000,0.00010000
1728864000000,0.00010000
1728892800000,0.00010000
1728921600000,0.00010000
1728950400000,0.00010000
1728979200000,0.00010000
1729008000000,0.00010000
1729036800000,0.00010000
1729065600001,0.00010000
1729094400000,0.00010000
1729123200000,0.00010000
1729152000000,0.00010000
1729180800001,0.00010000
1729209600010,0.00001603
1729238400001,0.00010000
1729267200000,0.00010000
1729296000000,0.00010000
1729324800000,0.00010000
1729353600000,0.00010000
1729382400000,0.00010000
1729411200000,0.00010000
1729440000000,0.00010000
1729468800000,0.00010000
1729497600000,0.00010000
1729526400000,0.00010000
1729555200000,0.00010000
1729584000000,0.00010000
1729612800000,0.00010000
1729641600000,0.00010000
1729670400000,0.00010000
1729699200000,0.00005411
1729728000000,0.00008889
1729756800000,0.00010000
1729785600000,0.00010000
1729814400000,0.00010000
1729843200000,0.00010000
1729872000000,0.00010000
1729900800000,0.00010000
1729929600001,0.00007901
1729958400000,0.00005903
1729987200000,-0.00012640
1730016000000,-0.00007896
1730044800000,-0.00005831
1730073600000,0.00010000
1730102400001,0.00010000
1730131200000,0.00010000
1730160000000,0.00010000
1730188800000,0.00010000
1730217600004,0.00010000
1730246400000,0.00010000
1730275200000,0.00010000
1730304000013,0.00010000
1730332800000,0.00010000
1730361600000,0.00010000
1730390400000,0.00010000
1730419200000,0.00010000
1730448000000,0.00010000
1730476800000,0.00010000
1730505600000,0.00010000
1730534400000,0.00010000
1730563200000,0.00004430
1730592000000,-0.00001364
1730620800000,-0.00004962
1730649600000,-0.00004996
1730678400000,0.00006176
1730707200000,0.00006158
1730736000000,0.00005376
1730764800000,0.00009010
1730793600003,0.00010000
1730822400001,0.00010000
1730851200000,0.00010000
1730880000000,0.00010000
1730908800000,0.00010000
1730937600000,0.00010000
1730966400000,0.00010000
1730995200000,0.00010000
1731024000000,0.00010000
1731052800000,0.00010000
1731081600000,0.00010000
1731110400000,0.00010000
1731139200000,0.00010000
1731168000000,0.00010000
1731196800000,0.00010000
1731225600000,0.00029253
1731254400000,0.00025353
1731283200001,0.00020112
1731312000000,0.00025987
1731340800000,0.00012308
1731369600002,0.00032156
1731398400000,0.00022867
1731427200000,0.00010000
1731456000000,0.00010000
1731484800010,0.00010000
1731513600000,0.00010000
1731542400001,0.00010000
1731571200000,0.00010000
1731600000000,0.00010000
1731628800000,0.00010000
1731657600000,0.00010000
1731686400000,0.00010000
1731715200001,0.00010000
1731744000001,0.00010000
1731772800000,0.00010000
1731801600000,0.00017025
1731830400000,0.00010000
1731859200001,0.00010000
1731888000000,0.00010000
1731916800000,0.00010000
1731945600000,0.00010000
1731974400000,0.00010000
1732003200000,0.00010000
1732032000000,0.00010000
1732060800003,0.00010000
1732089600000,0.00010000
1732118400000,0.00010000
1732147200001,0.00010000
1732176000000,0.00010000
1732204800001,0.00010000
1732233600000,0.00015912
1732262400000,0.00010000
1732291200001,0.00010000
1732320000000,0.00010000
1732348800000,0.00012064
1732377600000,0.00030864
1732406400001,0.00016453
1732435200000,0.00020602
1732464000000,0.00010000
1732492800000,0.00010000
1732521600000,0.00013602
1732550400000,0.00027433
1732579200000,0.00027909
1732608000000,0.00010000
1732636800000,0.00010000
1732665600000,0.00010000
1732694400000,0.00010000
1732723200001,0.00010000
1732752000000,0.00021563
1732780800000,0.00017126
1732809600000,0.00010000
1732838400000,0.00010000
1732867200000,0.00010000
1732896000000,0.00010000
1732924800000,0.00023575
1732953600000,0.00030610
1732982400000,0.00019329
1733011200000,0.00010000
1733040000000,0.00020692
1733068800000,0.00022770
1733097600001,0.00040409
1733126400001,0.00031138
1733155200000,0.00022001
1733184000000,0.00046666
1733212800000,0.00045590
1733241600000,0.00016432
1733270400000,0.00045627
1733299200000,0.00047854
1733328000000,0.00055749
1733356800001,0.00038451
1733385600000,0.00065995
1733414400000,0.00052123
1733443200000,0.00038003
1733472000000,0.00058912
1733500800000,0.00010017
1733529600000,0.00078604
1733558400000,0.00035427
1733587200000,0.00023529
1733616000000,0.00047993
1733644800000,0.00015434
1733673600000,0.00012444
1733702400000,0.00023195
1733731200000,0.00023198
1733760000001,0.00010000
1733788800007,0.00010000
1733817600000,0.00010000
1733846400000,0.00010000
1733875200000,0.00010000
1733904000000,0.00010000
1733932800001,0.00010000
1733961600001,0.00010000
1733990400000,0.00010000
1734019200001,0.00010000
1734048000000,0.00010000
1734076800000,0.00010000
1734105600001,0.00010000
1734134400000,0.00010000
1734163200000,0.00010000
1734192000000,0.00010000
1734220800000,0.00010000
1734249600000,0.00010000
1734278400000,0.00010000
1734307200000,0.00010000
1734336000001,0.00010000
1734364800000,0.00010000
1734393600000,0.00010000
1734422400000,0.00010000
1734451200000,0.00010000
1734480000000,0.00010000
1734508800000,0.00010000
1734537600000,0.00010000
1734566400000,0.00010000
1734595200000,0.00010000
1734624000000,0.00010000
1734652800000,0.00010000
1734681600001,0.00008565
1734710400014,0.00010000
1734739200000,0.00010000
1734768000000,0.00010000
1734796800001,0.00010000
1734825600000,0.00006206
1734854400000,0.00010000
1734883200000,0.00010000
1734912000000,0.00006812
1734940800000,0.00010000
1734969600001,0.00010000
1734998400000,0.00010000
1735027200000,0.00010000
1735056000001,0.00010000
1735084800001,0.00010000
1735113600000,0.00010000
1735142400000,0.00010000
1735171200000,0.00010000
1735200000000,0.00010000
1735228800000,0.00010000
1735257600000,0.00010000
1735286400000,0.00010000
1735315200000,0.00010000
1735344000001,0.00010000
1735372800000,0.00010000
1735401600000,0.00010000
1735430400000,0.00010000
1735459200000,0.00010000
1735488000000,0.00010000
1735516800000,0.00010000
1735545600001,0.00010000
1735574400000,0.00010000
1735603200000,0.00010000
1735632000000,0.00010000
1735660800000,0.00010000
1735689600015,0.00010000
1735718400000,0.00010000
1735747200001,0.00010000
1735776000000,0.00010000
1735804800006,0.00010000
1735833600000,0.00010000
1735862400000,0.00010000
1735891200000,0.00010000
1735920000000,0.00010000
1735948800000,0.00010000
1735977600000,0.00010000
1736006400000,0.00010000
1736035200000,0.00010000
1736064000000,0.00010000
1736092800000,0.00010000
1736121600000,0.00010000
1736150400001,0.00010000
1736179200000,0.00010000
1736208000000,0.00010000
1736236800000,0.00010000
1736265600008,0.00010000
1736294400001,0.00010000
1736323200000,0.00010000
1736352000000,0.00005058
1736380800000,-0.00000749
1736409600000,-0.00000155
1736438400000,0.00010000
1736467200000,0.00007992
1736496000000,0.00010000
1736524800000,0.00010000
1736553600000,0.00010000
1736582400000,0.00010000
1736611200000,0.00010000
1736640000000,0.00010000
1736668800000,0.00010000
1736697600000,0.00010000
1736726400000,0.00010000
1736755200000,-0.00001971
1736784000000,-0.00010416
1736812800000,-0.00006985
1736841600000,-0.00001938
1736870400000,0.00010000
1736899200000,0.00010000
1736928000000,0.00010000
1736956800000,0.00010000
1736985600000,0.00010000
1737014400000,0.00010000
1737043200000,0.00010000
1737072000004,0.00010000
1737100800000,0.00010000
1737129600008,0.00010000
1737158400000,0.00010000
1737187200007,0.00010000
1737216000000,0.00010000
1737244800000,0.00010000
1737273600000,0.00010000
1737302400000,0.00010000
1737331200000,0.00010000
1737360000009,0.00010000
1737388800000,0.00010000
1737417600000,0.00010000
1737446400000,0.00010000
1737475200000,0.00010000
1737504000000,0.00010000
1737532800000,0.00010000
1737561600000,0.00010000
1737590400001,0.00010000
1737619200000,0.00010000
1737648000000,0.00010000
1737676800000,0.00010000
1737705600000,0.00010000
1737734400000,0.00010000
1737763200000,0.00010000
1737792000000,0.00010000
1737820800001,0.00004985
1737849600000,0.00010000
1737878400000,0.00010000
1737907200000,0.00010000
1737936000000,0.00002506
1737964800000,0.00010000
1737993600000,0.00007357
1738022400000,0.00010000
1738051200000,0.00010000
1738080000000,0.00010000
1738108800000,0.00010000
1738137600000,0.00010000
1738166400000,0.00010000
1738195200000,0.00005102
1738224000000,0.00010000
1738252800000,0.00010000
1738281600000,0.00010000
1738310400000,0.00010000
1738339200000,0.00010000
1738368000000,0.00010000
1738396800000,0.00010000
1738425600000,0.00010000
1738454400001,0.00005308
1738483200000,0.00001372
1738512000000,0.00002503
1738540800000,-0.00003473
1738569600000,0.00003294
1738598400000,-0.00000445
1738627200000,-0.00019477
1738656000001,-0.00010521
1738684800000,-0.00004402
1738713600001,0.00010000
1738742400001,0.00010000
1738771200000,0.00010000
1738800000001,0.00007849
1738828800001,-0.00002560
1738857600000,-0.00004756
1738886400000,-0.00008341
1738915200000,-0.00005048
1738944000000,0.00002247
1738972800000,0.00005660
1739001600000,0.00006813
1739030400000,-0.00003270
1739059200000,-0.00006307
1739088000000,-0.00017163
1739116800000,0.00010000
1739145600000,-0.00001023
1739174400000,0.00010000
1739203200000,0.00010000
1739232000000,0.00004312
1739260800000,0.00001988
1739289600000,0.00008215
1739318400000,-0.00003766
1739347200000,0.00000413
1739376000001,0.00006421
1739404800001,0.00010000
1739433600000,0.00010000
1739462400001,0.00010000
1739491200000,0.00010000
1739520000001,0.00010000
1739548800000,0.00007658
1739577600000,0.00008336
1739606400000,0.00004851
1739635200000,0.00000738
1739664000000,-0.00009754
1739692800000,-0.00017635
1739721600000,-0.00005167
1739750400000,-0.00001944
1739779200000,0.00001025
1739808000000,0.00010000
1739836800000,0.00010000
1739865600000,-0.00010355
1739894400000,-0.00013903
1739923200000,-0.00006306
1739952000000,-0.00000208
1739980800000,0.00010000
1740009600000,0.00010000
1740038400000,0.00010000
1740067200000,0.00010000
1740096000001,0.00006839
1740124800000,0.00010000
1740153600000,0.00010000
1740182400000,0.00010000
1740211200000,0.00004106
1740240000000,0.00006605
1740268800000,0.00010000
1740297600000,0.00010000
1740326400000,0.00010000
1740355200000,0.00009705
1740384000000,-0.00001666
1740412800000,0.00001136
1740441600000,-0.00006214
1740470400000,0.00001088
1740499200000,-0.00013841
1740528000000,0.00008505
1740556800000,0.00004329
1740585600000,0.00010000
1740614400001,0.00004997
1740643200000,0.00010000
1740672000000,0.00010000
1740700800001,0.00005220
1740729600000,-0.00027813
1740758400000,0.00007998
1740787200000,0.00010000
1740816000000,0.00008002
1740844800001,0.00010000
1740873600000,0.00010000
1740902400000,0.00010000
1740931200000,0.00010000
1740960000001,0.00010000
1740988800000,0.00010000
1741017600000,0.00010000
1741046400001,0.00003326
1741075200005,0.00000235
1741104000000,0.00005253
1741132800000,0.00010000
1741161600000,-0.00002639
1741190400000,0.00010000
1741219200000,0.00010000
1741248000001,0.00006857
1741276800000,0.00004763
1741305600000,0.00005555
1741334400001,0.00008457
1741363200000,0.00010000
1741392000000,0.00009376
1741420800001,0.00002972
1741449600001,0.00002168
1741478400001,0.00006041
1741507200000,-0.00003347
1741536000000,-0.00005651
1741564800000,-0.00038997
1741593600000,-0.00001206
1741622400000,0.00000240
1741651200000,-0.00005899
1741680000000,0.00004249
1741708800001,-0.00004667
1741737600000,0.00003694
1741766400000,0.00010000
1741795200001,0.00004103
1741824000000,0.00010000
1741852800000,0.00008312
1741881600000,0.00007459
1741910400000,0.00006929
1741939200000,0.00003691
1741968000000,0.00009654
1741996800000,0.00002307
1742025600000,-0.00003776
1742054400000,-0.00001976
1742083200000,-0.00000871
1742112000000,0.00010000
1742140800000,-0.00015344
1742169600000,0.00001580
1742198400000,0.00010000
1742227200000,0.00010000
1742256000000,0.00005473
1742284800000,0.00000569
1742313600000,-0.00012897
1742342400000,-0.00002891
1742371200000,0.00009199
1742400000000,0.00010000
1742428800000,0.00010000
1742457600000,0.00000882
1742486400000,-0.00003897
1742515200000,0.00003799
1742544000000,0.00010000
1742572800000,-0.00005617
1742601600000,-0.00012214
1742630400004,0.00009192
1742659200000,0.00005299
1742688000000,0.00010000
1742716800000,-0.00002012
1742745600000,0.00002984
1742774400000,0.00004657
1742803200000,0.00010000
1742832000000,0.00010000
1742860800001,0.00010000
1742889600000,0.00010000
1742918400000,0.00010000
1742947200000,0.00010000
1742976000000,0.00010000
1743004800001,0.00010000
1743033600001,0.00010000
1743062400001,0.00010000
1743091200002,0.00010000
1743120000001,-0.00000379
1743148800001,-0.00002482
1743177600000,-0.00003012
1743206400000,-0.00008974
1743235200000,0.00005500
1743264000000,-0.00001895
1743292800000,-0.00011743
1743321600000,0.00000893
1743350400000,-0.00004542
1743379200000,-0.00002095
1743408000000,-0.00001498
1743436800000,0.00005178
1743465600000,0.00001222
1743494400001,0.00005351
1743523200000,0.00010000
1743552000001,-0.00005350
1743580800000,0.00002600
1743609600000,0.00006735
1743638400000,-0.00001394
1743667200000,0.00006706
1743696000000,-0.00000056
1743724800000,-0.00005079
1743753600000,0.00003996
1743782400000,0.00008389
1743811200000,0.00005255
1743840000000,0.00010000
1743868800000,0.00010000
1743897600000,-0.00007308
1743926400000,0.00008118
1743955200002,-0.00003357
1743984000000,0.00006194
1744012800000,-0.00000926
1744041600000,0.00010000
1744070400000,0.00006024
1744099200000,0.00002130
1744128000000,-0.00000221
1744156800000,0.00003633
1744185600001,0.00002894
1744214400000,0.00009617
1744243200000,0.00010000
1744272000000,0.00003246
1744300800000,-0.00001996
1744329600001,0.00007994
1744358400000,0.00010000
1744387200000,0.00004384
1744416000000,0.00003598
1744444800001,-0.00004261
1744473600000,0.00003955
1744502400000,0.00005180
1744531200000,0.00007144
1744560000000,0.00007663
1744588800000,0.00010000
1744617600000,0.00004742
1744646400000,0.00003864
1744675200000,-0.00003647
1744704000000,-0.00000124
1744732800001,-0.00000698
1744761600000,0.00007045
1744790400000,0.00004645
1744819200000,0.00007290
1744848000001,0.00005092
1744876800000,0.00008470
1744905600001,0.00004884
1744934400000,0.00010000
1744963200000,0.00006384
1744992000000,0.00010000
1745020800000,0.00008908
1745049600000,0.00005407
1745078400000,0.00008293
1745107200000,0.00004284
1745136000000,0.00010000
1745164800000,0.00009497
1745193600000,0.00008667
1745222400005,0.00005908
1745251200003,-0.00000736
1745280000008,-0.00001920
1745308800000,-0.00016998
1745337600000,0.00002199
1745366400000,0.00008575
1745395200002,-0.00000183
1745424000000,0.00010000
1745452800000,0.00010000
1745481600001,0.00010000
1745510400001,0.00002890
1745539200007,0.00010000
1745568000002,0.00010000
1745596800003,0.00010000
1745625600002,0.00006041
1745654400000,0.00005918
1745683200002,0.00004828
1745712000001,-0.00006221
1745740800000,0.00004097
1745769600000,0.00006101
1745798400001,-0.00006594
1745827200003,0.00010000
1745856000005,-0.00006814
1745884800000,0.00005472
1745913600000,0.00010000
1745942400010,0.00000445
1745971200001,-0.00008976
1746000000000,-0.00010145
1746028800003,-0.00002362
1746057600000,0.00005378
1746086400000,0.00007714
1746115200001,0.00008070
1746144000000,0.00010000
1746172800000,0.00010000
1746201600003,0.00007558
1746230400000,0.00010000
1746259200000,0.00009567
1746288000000,-0.00006511
1746316800001,-0.00010833
1746345600001,-0.00011789
1746374400002,-0.00024120
1746403200000,0.00004900
1746432000000,-0.00001982
1746460800006,0.00007072
1746489600002,-0.00008404
1746518400005,0.00009861
1746547200000,-0.00000611
1746576000002,0.00001128
1746604800000,0.00001322
1746633600006,-0.00005527
1746662400000,-0.00000284
1746691200001,0.00010000
1746720000002,0.00010000
1746748800001,0.00010000
1746777600006,0.00010000
1746806400000,0.00010000
1746835200001,0.00010000
1746864000000,0.00010000
1746892800001,0.00010000
1746921600000,0.00010000
1746950400001,0.00010000
1746979200001,0.00010000
1747008000004,0.00010000
1747036800000,0.00010000
1747065600000,0.00010000
1747094400000,0.00010000
1747123200008,0.00010000
1747152000001,0.00010000
1747180800007,0.00010000
1747209600000,0.00010000
1747238400002,0.00006188
1747267200000,0.00010000
1747296000003,0.00010000
1747324800000,0.00001378
1747353600001,0.00008752
1747382400000,0.00007624
1747411200000,0.00010000
1747440000000,0.00000889
1747468800001,0.00001797
1747497600004,0.00006479
1747526400000,0.00005632
1747555200000,0.00009431
1747584000000,-0.00002736
1747612800000,-0.00000782
1747641600006,0.00001994
1747670400010,0.00009568
1747699200000,0.00010000
1747728000002,0.00010000
1747756800000,0.00005566
1747785600000,0.00010000
1747814400001,0.00010000
1747843200004,0.00010000
1747872000001,0.00010000
1747900800000,0.00010000
1747929600002,0.00010000
1747958400006,0.00010000
1747987200000,0.00010000
1748016000007,0.00010000
1748044800010,0.00010000
1748073600000,0.00009573
1748102400003,0.00008425
1748131200004,0.00010000
1748160000000,0.00005747
1748188800000,0.00005688
1748217600000,0.00000825
1748246400000,0.00007038
1748275200002,0.00010000
1748304000003,0.00006190
1748332800001,0.00007418
1748361600005,0.00010000
1748390400002,0.00010000
1748419200003,0.00010000
1748448000002,0.00010000
1748476800000,0.00010000
1748505600006,0.00010000
1748534400000,0.00010000
1748563200003,-0.00000932
1748592000003,-0.00008540
1748620800000,-0.00007626
1748649600000,-0.00010820
1748678400000,-0.00004829
1748707200000,-0.00003636
1748736000001,-0.00004780
1748764800002,-0.00003811
1748793600000,0.00005784
1748822400001,0.00003653
1748851200000,0.00007010
1748880000000,0.00002829
1748908800000,0.00010000
1748937600000,0.00008141
1748966400001,0.00005621
1748995200000,0.00007192
1749024000000,0.00010000
1749052800000,0.00008058
1749081600016,-0.00000294
1749110400000,0.00002720
1749139200000,-0.00007858
1749168000002,-0.00021595
1749196800000,-0.00009932
1749225600006,0.00005896
1749254400000,0.00001322
1749283200000,0.00004665
1749312000002,0.00010000
1749340800000,0.00010000
1749369600000,0.00010000
1749398400000,0.00010000
1749427200000,0.00010000
1749456000001,-0.00009431
1749484800001,0.00010000
1749513600000,0.00010000
1749542400001,0.00010000
1749571200003,0.00010000
1749600000000,0.00010000
1749628800000,0.00010000
1749657600010,0.00010000
1749686400002,0.00010000
1749715200003,0.00005969
1749744000001,-0.00002088
1749772800000,0.00004323
1749801600001,-0.00024716
1749830400004,-0.00000962
1749859200000,0.00005550
1749888000000,0.00002082
1749916800000,0.00009770
1749945600005,-0.00002659
1749974400009,-0.00004687
1750003200000,-0.00006353
1750032000000,0.00001507
1750060800000,0.00005667
1750089600003,0.00008377
1750118400000,0.00010000
1750147200006,0.00000559
1750176000001,-0.00006655
1750204800001,-0.00003648
1750233600001,-0.00004235
1750262400001,-0.00002990
1750291200005,-0.00007793
1750320000003,0.00004576
1750348800000,0.00001177
1750377600000,0.00006953
1750406400002,0.00010000
1750435200001,0.00003668
1750464000002,-0.00004545
1750492800005,-0.00019136
1750521600000,-0.00007852
1750550400005,0.00001846
1750579200000,-0.00003753
1750608000003,-0.00004036
1750636800000,-0.00003040
1750665600004,-0.00005742
1750694400013,-0.00000328
1750723200003,0.00010000
1750752000000,0.00010000
1750780800000,0.00006820
1750809600005,0.00010000
1750838400000,0.00010000
1750867200005,0.00003566
1750896000000,0.00005939
1750924800006,0.00002763
1750953600007,0.00003470
1750982400000,-0.00004357
1751011200000,-0.00003434
1751040000009,0.00001652
1751068800001,0.00003927
1751097600002,0.00002068
1751126400000,0.00004719
1751155200004,0.00000895
1751184000001,0.00000548
1751212800001,0.00006631
1751241600000,0.00010000
1751270400005,-0.00014831
1751299200002,-0.00011564
1751328000007,0.00005932
1751356800002,-0.00001369
1751385600000,-0.00012306
1751414400001,-0.00009483
1751443200000,-0.00002139
1751472000003,0.00010000
1751500800006,0.00010000
1751529600003,0.00010000
1751558400003,0.00010000
1751587200005,0.00010000
1751616000003,0.00010000
1751644800001,0.00007537
1751673600004,0.00002855
1751702400009,-0.00012774
1751731200006,-0.00005035
1751760000001,-0.00002974
1751788800002,-0.00007615
1751817600004,0.00001450
1751846400000,0.00010000
1751875200007,0.00010000
1751904000000,0.00005421
1751932800010,0.00010000
1751961600003,0.00000945
1751990400000,0.00005419
1752019200002,0.00007707
1752048000006,0.00006231
1752076800001,0.00010000
1752105600003,0.00010000
1752134400000,0.00010000
1752163200004,0.00010000
1752192000004,0.00010000
1752220800007,0.00010000
1752249600001,0.00010000
1752278400000,0.00010000
1752307200001,0.00010000
1752336000002,0.00010000
1752364800006,0.00010000
1752393600001,0.00010000
1752422400003,0.00010000
1752451200000,0.00010000
1752480000000,0.00010000
1752508800000,0.00010000
1752537600002,0.00010000
1752566400000,0.00010000
1752595200000,0.00010000
1752624000000,0.00010000
1752652800000,0.00010000
1752681600008,0.00010000
1752710400003,0.00010000
1752739200000,0.00010000
1752768000000,0.00010000
1752796800004,0.00010000
1752825600000,0.00010000
1752854400000,0.00010000
1752883200009,0.00010000
1752912000000,0.00010000
1752940800002,0.00010000
1752969600000,0.00004327
1752998400000,0.00010000
1753027200000,0.00010000
1753056000001,0.00010000
1753084800000,0.00010000
1753113600001,0.00010000
1753142400000,0.00010000
1753171200010,0.00010000
1753200000007,0.00010000
1753228800000,0.00010000
1753257600004,0.00010000
1753286400002,0.00010000
1753315200000,0.00010000
1753344000001,0.00010000
1753372800000,0.00010000
1753401600000,0.00010000
1753430400000,0.00010000
1753459200000,0.00010000
1753488000001,0.00010000
1753516800005,0.00010000
1753545600001,0.00010000
1753574400001,0.00010000
1753603200000,0.00010000
1753632000008,0.00010000
1753660800005,0.00010000
1753689600000,0.00010000
1753718400000,0.00010000
1753747200001,0.00010000
1753776000000,0.00010000
1753804800000,0.00010000
1753833600011,0.00010000
1753862400000,0.00010000
1753891200008,0.00008394
1753920000000,0.00010000
1753948800009,0.00010000
1753977600000,0.00004729
1754006400001,0.00008565
1754035200003,0.00005753
1754064000000,0.00008904
1754092800004,0.00010000
1754121600000,0.00010000
1754150400000,0.00010000
1754179200000,0.00010000
1754208000000,0.00008771
1754236800003,0.00008056
1754265600004,-0.00002137
1754294400000,0.00000190
1754323200002,0.00010000
1754352000000,-0.00000832
1754380800000,0.00010000
1754409600000,0.00010000
1754438400005,0.00009749
1754467200000,0.00010000
1754496000000,0.00010000
1754524800003,0.00002726
1754553600002,0.00003002
1754582400002,0.00005764
1754611200002,0.00010000
1754640000004,0.00008218
1754668800000,0.00005337
1754697600005,0.00010000
1754726400000,0.00010000
1754755200007,0.00010000
1754784000003,0.00010000
1754812800005,0.00010000
1754841600002,0.00010000
1754870400000,0.00010000
1754899200000,0.00010000
1754928000000,0.00010000
1754956800000,0.00010000
1754985600001,0.00010000
1755014400005,0.00008142
1755043200000,0.00010000
1755072000002,0.00010000
1755100800006,0.00010000
1755129600002,0.00010000
1755158400003,0.00010000
1755187200000,0.00010000
1755216000000,0.00010000
1755244800000,-0.00001785
1755273600000,0.00008049
1755302400004,0.00005946
1755331200000,0.00010000
1755360000002,0.00010000
1755388800000,0.00010000
1755417600001,0.00010000
1755446400007,0.00009392
1755475200000,0.00009477
1755504000001,0.00005648
1755532800002,0.00003698
1755561600000,0.00004558
1755590400001,0.00010000
1755619200000,0.00010000
1755648000000,0.00004601
1755676800000,0.00001221
1755705600000,0.00006644
1755734400006,0.00009396
1755763200000,0.00010000
1755792000003,0.00009343
1755820800010,0.00010000
1755849600007,0.00001674
1755878400001,0.00004708
1755907200004,0.00010000
1755936000006,0.00010000
1755964800000,0.00010000
1755993600001,0.00010000
1756022400002,0.00010000
1756051200001,0.00010000
1756080000000,0.00010000
1756108800002,0.00010000
1756137600002,0.00002024
1756166400000,0.00010000
1756195200000,0.00007339
1756224000000,-0.00002824
1756252800003,-0.00005040
1756281600000,0.00005329
1756310400009,-0.00000960
1756339200000,0.00010000
1756368000005,0.00010000
1756396800004,0.00010000
1756425600000,0.00010000
1756454400000,0.00010000
1756483200005,0.00010000
1756512000000,0.00007643
1756540800002,0.00010000
1756569600003,0.00010000
1756598400016,0.00010000
1756627200000,0.00010000
1756656000001,0.00010000
1756684800000,0.00010000
1756713600000,0.00010000
1756742400001,0.00005208
1756771200000,0.00001361
1756800000005,0.00009593
1756828800007,0.00010000
1756857600006,0.00010000
1756886400002,0.00010000
1756915200002,0.00006936
1756944000002,0.00010000
1756972800000,-0.00013764
1757001600000,0.00002375
1757030400001,-0.00000789
1757059200006,0.00009610
1757088000000,0.00010000
1757116800000,0.00005918
1757145600005,0.00003736
1757174400000,0.00001980
1757203200000,0.00003570
1757232000000,0.00005013
1757260800000,0.00006943
1757289600007,0.00003805
1757318400000,0.00006283
1757347200000,0.00010000
1757376000000,0.00010000
1757404800000,0.00010000
1757433600000,0.00010000
1757462400000,-0.00008009
1757491200002,0.00005331
1757520000000,0.00010000
1757548800000,0.00010000
1757577600000,0.00010000
1757606400001,0.00010000
1757635200002,0.00010000
1757664000001,0.00010000
1757692800005,0.00010000
1757721600005,0.00010000
1757750400002,0.00010000
1757779200000,0.00010000
1757808000006,0.00010000
1757836800000,0.00010000
1757865600001,0.00000597
1757894400006,-0.00004470
1757923200002,0.00006468
1757952000001,-0.00017773
1757980800001,-0.00021681
1758009600000,0.00003382
1758038400000,-0.00007779
1758067200001,0.00005793
1758096000000,0.00005728
1758124800003,-0.00002973
1758153600006,0.00010000
1758182400002,0.00010000
1758211200000,0.00010000
1758240000000,0.00010000
1758268800005,0.00010000
1758297600000,0.00004893
1758326400000,-0.00004587
1758355200000,-0.00003022
1758384000002,-0.00004616
1758412800000,-0.00003285
1758441600000,0.00008038
1758470400000,-0.00006697
1758499200005,-0.00008572
1758528000003,-0.00001050
1758556800000,-0.00017412
1758585600000,-0.00001018
1758614400001,-0.00001538
1758643200000,-0.00002774
1758672000003,0.00006256
1758700800001,0.00008556
1758729600002,0.00010000
1758758400000,0.00006251
1758787200001,0.00003536
1758816000000,0.00010000
1758844800000,0.00010000
1758873600000,0.00009439
1758902400008,0.00009418
1758931200000,0.00008664
1758960000010,0.00007159
1758988800003,0.00010000
1759017600000,0.00010000
1759046400000,0.00008038
1759075200000,0.00006471
1759104000000,0.00010000
1759132800002,0.00007998
1759161600001,0.00010000
1759190400002,0.00010000
1759219200005,0.00010000
1759248000000,-0.00001231
1759276800000,0.00010000
1759305600000,0.00009496
1759334400000,0.00010000
1759363200000,0.00010000
1759392000013,0.00010000
1759420800000,0.00009198
1759449600006,0.00010000
1759478400006,0.00010000
1759507200000,0.00005702
1759536000001,0.00010000
1759564800000,0.00010000
1759593600000,0.00002987
1759622400000,0.00010000
1759651200003,0.00010000
1759680000009,0.00010000
1759708800004,0.00002972
1759737600002,0.00010000
1759766400004,0.00010000
1759795200000,0.00010000
1759824000003,0.00010000
1759852800000,0.00010000
1759881600000,0.00010000
1759910400006,0.00010000
1759939200002,0.00010000
1759968000001,0.00010000
1759996800000,0.00010000
1760025600000,0.00003981
1760054400005,0.00010000
1760083200002,0.00010000
1760112000014,0.00009208
1760140800000,-0.00088868
1760169600003,-0.00010373
1760198400000,-0.00015841
1760227200004,-0.00043708
1760256000002,-0.00028032
1760284800000,-0.00024412
1760313600003,0.00003425
1760342400002,-0.00002138
1760371200003,0.00006172
1760400000000,-0.00038111
1760428800000,-0.00008701
1760457600000,-0.00014981
1760486400006,-0.00009315
1760515200002,-0.00002908
1760544000000,0.00000212
1760572800000,-0.00001495
1760601600003,-0.00005585
1760630400002,-0.00002114
1760659200001,0.00002695
1760688000005,0.00002177
1760716800003,-0.00008901
1760745600000,-0.00009404
1760774400002,-0.00013881
1760803200001,-0.00002680
1760832000001,-0.00004463
1760860800001,-0.00010603
1760889600001,-0.00007776
1760918400004,-0.00003762
1760947200001,0.00000400
1760976000000,-0.00000282
1761004800009,-0.00009581
1761033600000,-0.00006931
1761062400000,0.00006315
1761091200004,0.00010000
1761120000000,-0.00007178
1761148800000,-0.00000994
1761177600000,0.00002513
1761206400001,-0.00006717
1761235200004,0.00010000
1761264000000,0.00009362
1761292800000,-0.00001035
1761321600009,0.00006086
1761350400000,0.00001792
1761379200001,0.00004534
1761408000001,0.00007593
1761436800001,0.00005361
1761465600001,0.00006150
1761494400000,-0.00001537
1761523200000,-0.00001192
1761552000005,0.00002937
1761580800000,0.00007285
1761609600000,0.00010000
1761638400000,0.00004469
1761667200004,0.00005402
1761696000004,-0.00016006
1761724800005,0.00009184
1761753600000,0.00008819
1761782400004,0.00009758
1761811200008,0.00001717
1761840000001,-0.00017722
1761868800000,-0.00040924
1761897600008,0.00003819
1761926400007,0.00000796
1761955200001,-0.00003977
1761984000000,-0.00011757
1762012800000,0.00010000
1762041600007,0.00008295
1762070400000,0.00000712
1762099200001,0.00003912
1762128000000,0.00003122
1762156800010,-0.00016948
1762185600000,-0.00026021
1762214400002,-0.00028378
1762243200004,-0.00012739
1762272000000,-0.00009706
1762300800000,-0.00012294
1762329600000,-0.00002243
1762358400004,-0.00013318
1762387200001,-0.00002473
1762416000000,-0.00013709
1762444800001,-0.00017710
1762473600005,-0.00002430
1762502400003,-0.00009978
1762531200005,-0.00002856
1762560000011,0.00010000
1762588800015,0.00010000
1762617600001,0.00010000
1762646400004,0.00001634
1762675200000,0.00010000
1762704000005,-0.00002046
1762732800000,0.00003303
1762761600000,-0.00008032
1762790400003,-0.00000070
1762819200007,0.00010000
1762848000000,0.00008788
1762876800009,0.00010000
1762905600000,0.00003654
1762934400002,0.00002039
1762963200000,0.00005461
1762992000002,-0.00010438
1763020800000,0.00003131
1763049600001,0.00001806
1763078400000,-0.00010528
1763107200000,-0.00003969
1763136000001,0.00000820
1763164800005,-0.00015986
1763193600000,-0.00016854
1763222400001,-0.00024905
1763251200001,-0.00012376
1763280000000,-0.00014311
1763308800000,-0.00014888
1763337600003,-0.00019784
1763366400003,0.00003982
1763395200000,0.00010000
1763424000002,-0.00022573
1763452800004,0.00000633
1763481600000,0.00001309
1763510400000,0.00009679
1763539200000,-0.00001968
1763568000008,-0.00002666
1763596800000,-0.00006610
1763625600000,0.00005002
1763654400000,0.00010000
1763683200001,-0.00016226
1763712000000,-0.00000576
1763740800001,0.00006030
1763769600004,-0.00010895
1763798400000,0.00010000
1763827200000,-0.00014480
1763856000000,-0.00000882
1763884800008,-0.00002470
1763913600003,-0.00006799
1763942400004,-0.00005304
1763971200000,0.00004421
1764000000006,0.00002623
1764028800000,0.00009871
1764057600009,0.00002790
1764086400007,0.00003871
1764115200001,0.00010000
1764144000001,0.00010000
1764172800000,0.00005177
1764201600013,0.00000428
1764230400000,0.00010000
1764259200004,0.00006120
1764288000008,0.00002092
1764316800000,-0.00005466
1764345600008,0.00010000
1764374400000,-0.00002167
1764403200005,0.00001795
1764432000001,-0.00002851
1764460800003,0.00007474
1764489600000,0.00009940
1764518400004,0.00010000
1764547200000,-0.00002540
1764576000004,-0.00011628
1764604800000,-0.00008475
1764633600004,-0.00009807
1764662400000,-0.00004719
1764691200000,0.00007035
1764720000000,0.00010000
1764748800000,0.00007794
1764777600005,0.00010000
1764806400012,0.00010000
1764835200000,0.00010000
1764864000011,0.00010000
1764892800000,0.00010000
1764921600000,0.00008240
1764950400010,-0.00003923
1764979200001,-0.00008569
1765008000001,-0.00013120
1765036800008,-0.00007689
1765065600000,0.00004497
1765094400004,0.00002555
1765123200000,-0.00003423
1765152000000,-0.00000760
1765180800000,0.00008314
1765209600001,0.00010000
1765238400001,0.00009151
1765267200001,0.00007532
1765296000007,0.00009740
1765324800007,0.00010000
1765353600002,0.00005630
1765382400012,0.00005659
1765411200001,0.00006104
1765440000000,-0.00020230
1765468800000,-0.00008655
1765497600005,0.00004325
1765526400007,-0.00006630
1765555200002,-0.00005841
1765584000001,0.00010000
1765612800006,0.00006125
1765641600000,0.00010000
1765670400000,0.00010000
1765699200003,0.00005431
1765728000005,-0.00017151
1765756800000,-0.00013920
1765785600000,0.00007611
1765814400000,-0.00003346
1765843200002,-0.00021919
1765872000000,-0.00016453
1765900800002,-0.00002358
1765929600004,-0.00004400
1765958400000,0.00006318
1765987200000,-0.00001515
1766016000005,-0.00000181
1766044800007,-0.00009615
1766073600001,0.00004362
1766102400000,-0.00010854
1766131200001,0.00009867
1766160000000,0.00010000
1766188800005,0.00006148
1766217600000,0.00009079
1766246400002,0.00010000
1766275200000,0.00010000
1766304000009,0.00010000
1766332800000,-0.00003923
1766361600000,0.00006289
1766390400005,-0.00000878
1766419200009,0.00009551
1766448000000,-0.00001146
1766476800000,0.00003519
1766505600001,-0.00001757
1766534400001,0.00003151
1766563200001,-0.00003772
1766592000000,0.00010000
1766620800000,0.00010000
1766649600001,0.00010000
1766678400005,0.00007878
1766707200004,-0.00005298
1766736000001,0.00003268
1766764800007,-0.00002516
1766793600000,0.00003125
1766822400000,-0.00010120
1766851200011,-0.00001432
1766880000008,0.00010000
1766908800000,0.00010000
1766937600000,0.00010000
1766966400016,0.00001408
1766995200001,0.00010000
1767024000000,-0.00001184
1767052800005,-0.00006873
1767081600001,0.00008135
1767110400003,0.00010000
1767139200004,0.00003851
1767168000001,-0.00003129
1767196800001,0.00004032
1767225600008,-0.00015830
1767254400002,0.00001588
1767283200001,0.00009248
1767312000006,0.00010000
1767340800007,0.00010000
1767369600000,0.00010000
1767398400001,0.00010000
1767427200000,0.00010000
1767456000000,0.00010000
1767484800000,0.00010000
1767513600000,0.00001690
1767542400001,0.00010000
1767571200000,0.00010000
1767600000000,0.00005853
1767628800000,0.00010000
1767657600010,0.00008817
1767686400000,0.00006210
1767715200000,0.00010000
1767744000001,0.00010000
1767772800001,0.00009124
1767801600001,0.00003862
1767830400001,0.00007191
1767859200000,0.00003868
1767888000000,0.00005529
1767916800003,0.00010000
1767945600000,0.00010000
1767974400001,0.00010000
1768003200000,0.00009286
1768032000002,0.00008427
1768060800001,0.00010000
1768089600003,0.00010000
1768118400006,0.00010000
1768147200000,0.00006540
1768176000005,0.00000931
1768204800000,0.00007160
1768233600000,-0.00001921
1768262400007,-0.00003830
1768291200009,0.00010000
1768320000002,0.00010000
1768348800000,0.00010000
1768377600001,0.00010000
1768406400004,0.00010000
1768435200000,0.00010000
1768464000004,0.00010000
1768492800002,0.00004664
1768521600000,0.00004110
1768550400000,0.00010000
1768579200001,0.00004265
1768608000000,0.00010000
1768636800000,0.00010000
1768665600002,0.00010000
1768694400001,0.00010000
1768723200000,0.00001077
1768752000000,0.00004411
1768780800007,-0.00001863
1768809600007,-0.00017761
1768838400007,-0.00000791
1768867200005,0.00000568
1768896000001,0.00003033
1768924800009,-0.00007296
1768953600001,-0.00001806
1768982400011,0.00010000
1769011200011,-0.00001075
1769040000010,0.00002942
1769068800003,0.00001977
1769097600005,-0.00005181
1769126400005,0.00001423
1769155200000,0.00000506
1769184000011,-0.00000843
1769212800011,-0.00003037
1769241600002,0.00003803
1769270400001,-0.00006370
1769299200002,-0.00010485
1769328000011,0.00000362
1769356800005,-0.00005873
1769385600000,-0.00002858
1769414400003,0.00004184
1769443200000,0.00003419
1769472000002,0.00008785
1769500800000,-0.00006763
1769529600000,0.00004836
1769558400000,0.00004879
1769587200000,0.00008206
1769616000000,0.00010000
1769644800000,0.00008135
1769673600009,-0.00005385
1769702400000,-0.00018874
1769731200008,-0.00006144
1769760000000,-0.00004996
1769788800001,0.00002007
1769817600000,0.00008192
1769846400001,0.00004227
1769875200009,-0.00001796
1769904000001,-0.00000276
1769932800004,-0.00001591
1769961600000,0.00002453
1769990400000,0.00001113
1770019200014,0.00004005
1770048000000,-0.00000505
1770076800000,0.00003333
1770105600007,-0.00002982
1770134400000,0.00003146
1770163200002,0.00006777
1770192000007,0.00007392
1770220800000,0.00001163
1770249600011,0.00006476
1770278400000,-0.00002413
1770307200007,-0.00023811
1770336000000,-0.00009544
1770364800001,-0.00000663
1770393600000,-0.00013071
1770422400003,-0.00002413
1770451200000,0.00003005
1770480000010,0.00010000
1770508800003,0.00004426
1770537600000,-0.00000396
1770566400000,-0.00004645
1770595200002,-0.00003162
1770624000001,-0.00000038
1770652800007,-0.00005615
1770681600000,0.00001417
1770710400007,-0.00007547
1770739200000,-0.00007436
1770768000000,0.00001655
1770796800006,-0.00008445
1770825600000,-0.00009443
1770854400000,-0.00002276
1770883200001,0.00009641
1770912000001,0.00000179
1770940800007,0.00009805
1770969600003,-0.00001068
1770998400005,-0.00007343
1771027200002,-0.00010567
1771056000004,0.00002413
1771084800002,0.00006712
1771113600000,0.00000296
1771142400002,0.00006524
1771171200000,0.00001779
1771200000001,0.00002388
1771228800003,-0.00011198
1771257600000,-0.00008961
1771286400008,0.00004296
1771315200001,0.00001057
1771344000002,-0.00000722
1771372800000,0.00003030
1771401600000,0.00001380
1771430400011,0.00003675
1771459200013,-0.00005599
1771488000000,0.00002179
1771516800003,-0.00003548
1771545600000,0.00002274
1771574400000,-0.00018952
1771603200000,-0.00004984
1771632000004,0.00004340
1771660800000,0.00006855
1771689600005,0.00000765
1771718400001,0.00000338
1771747200004,-0.00017878
1771776000000,-0.00009123
1771804800001,-0.00016978
1771833600000,-0.00017385
1771862400000,0.00001552
1771891200007,0.00000446
1771920000000,-0.00008354
1771948800001,-0.00010884
1771977600001,0.00001135
1772006400007,-0.00005968
1772035200000,0.00010000
1772064000000,0.00010000
1772092800006,0.00006948
1772121600002,0.00003631
1772150400007,0.00009721
1772179200000,0.00010000
1772208000001,0.00003398
1772236800000,0.00006733
1772265600000,-0.00006305
1772294400004,-0.00013699
1772323200005,-0.00001817
1772352000000,0.00001265
1772380800002,0.00001133
1772409600001,-0.00002298
1772438400007,0.00002710
1772467200000,0.00001994
1772496000000,0.00004868
1772524800000,-0.00007088
1772553600007,-0.00006815
1772582400001,-0.00001654
1772611200005,0.00000775
1772640000000,-0.00007671
1772668800000,0.00008124
1772697600000,-0.00001425
1772726400004,0.00003393
1772755200001,0.00008413
1772784000001,0.00002506
1772812800004,-0.00014970
1772841600001,-0.00014762
1772870400012,-0.00020757
1772899200001,-0.00011499
1772928000001,-0.00012559
1772956800000,-0.00025515
1772985600002,-0.00013025
1773014400000,-0.00012511
1773043200004,-0.00004715
1773072000003,-0.00005217
1773100800012,-0.00007074
1773129600002,-0.00019831
1773158400001,0.00006785
1773187200000,-0.00002151
1773216000007,-0.00007394
1773244800010,0.00008979
1773273600000,0.00001025
1773302400000,-0.00016383
1773331200000,-0.00027045
1773360000006,-0.00003442
1773388800001,0.00008576
1773417600000,0.00010000
1773446400001,0.00005358
1773475200000,-0.00002599
1773504000007,-0.00032644
1773532800000,-0.00014032
1773561600000,-0.00017219
1773590400000,0.00005583
1773619200000,0.00005419
1773648000010,0.00010000
1773676800000,0.00010000
1773705600000,0.00010000
1773734400002,0.00004457
1773763200011,0.00010000
1773792000002,0.00010000
1773820800002,0.00006820
1773849600005,-0.00010270
1773878400000,0.00005443
1773907200003,-0.00000631
1773936000003,-0.00007203
1773964800002,-0.00003761
1773993600000,0.00010000
1774022400000,-0.00001179
1774051200000,0.00006874
1774080000000,0.00007110
1774108800014,0.00007654
1774137600012,-0.00003709
1774166400007,-0.00019257
1774195200002,-0.00022399
1774224000000,-0.00017883
1774252800003,0.00001936
1774281600002,0.00009923
1774310400000,0.00010000
1774339200000,0.00010000
1774368000003,0.00001566
1774396800000,0.00009674
1774425600000,0.00010000
1774454400013,0.00010000
1774483200001,0.00000095
1774512000001,0.00001807
1774540800000,0.00001860
1774569600006,0.00003083
1774598400000,0.00005996
1774627200000,-0.00026404
1774656000005,-0.00003915
1774684800005,-0.00006511
1774713600000,-0.00000672
1774742400003,-0.00013991
1774771200001,-0.00019988
1774800000000,-0.00017570
1774828800000,-0.00005518
1774857600005,0.00010000
1774886400000,0.00010000
1774915200000,0.00006492
1774944000000,0.00005484
1774972800000,0.00003558
1775001600000,0.00001561
1775030400000,0.00008836
1775059200000,0.00006414
1775088000003,0.00005637
1775116800001,-0.00024150
1775145600001,-0.00019399
1775174400000,-0.00014596
1775203200008,-0.00010297
1775232000008,0.00003992
1775260800000,0.00007192
1775289600003,0.00010000
1775318400000,0.00010000
1775347200008,0.00010000
1775376000000,0.00010000
1775404800001,0.00010000
1775433600004,0.00010000
1775462400001,0.00010000
1775491200003,0.00008337
1775520000000,0.00005805
1775548800000,-0.00007280
1775577600000,-0.00002398
1775606400000,0.00010000
1775635200000,0.00010000
1775664000006,0.00005447
1775692800000,-0.00003257
1775721600010,0.00009328
1775750400001,0.00000295
1775779200000,0.00004666
1775808000005,0.00010000
1775836800000,0.00003089
1775865600000,-0.00000757
1775894400000,-0.00002596
1775923200003,0.00001195
1775952000000,0.00010000
1775980800000,-0.00012113
1776009600000,-0.00021026
1776038400011,-0.00007511
1776067200006,0.00007448
1776096000000,0.00004562
1776124800005,0.00010000
1776153600003,0.00010000
1776182400001,0.00010000
1776211200000,-0.00001885
1776240000000,-0.00004584
1776268800000,0.00010000
1776297600013,0.00010000
1776326400000,0.00010000
1776355200000,0.00010000
1776384000001,0.00010000
1776412800011,0.00010000
1776441600001,0.00010000
1776470400001,0.00003913
1776499200006,0.00006659
1776528000000,-0.00001977
1776556800002,0.00004941
1776585600010,-0.00007078
1776614400001,0.00006655
1776643200000,-0.00019557
1776672000000,0.00010000
1776700800001,-0.00002987
1776729600000,0.00003313
1776758400004,0.00006894
1776787200004,0.00010000
1776816000004,-0.00005503
1776844800000,0.00010000
1776873600000,0.00010000
1776902400000,-0.00005044
1776931200000,-0.00005673
1776960000004,0.00003663
1776988800006,0.00010000
1777017600000,0.00000977
1777046400000,0.00010000
1777075200000,0.00010000
1777104000002,0.00010000
1777132800002,0.00006452
1777161600003,-0.00000849
1777190400007,0.00004848
1777219200004,0.00003105
1777248000004,0.00005551
1777276800000,-0.00008682
1777305600002,-0.00009304
1777334400001,-0.00014387
1777363200000,0.00004755
1777392000004,0.00006719
1777420800006,0.00010000
1777449600011,0.00004408
1777478400003,-0.00007969
1777507200002,-0.00009291
1777536000000,-0.00000813
1777564800000,0.00004142
1777593600000,0.00003330
1777622400005,0.00008718
1777651200000,0.00010000
1777680000006,0.00000663
1777708800000,-0.00001000
1777737600010,0.00010000
1777766400005,0.00010000
1777795200003,0.00009661
1777824000000,0.00004804
1777852800000,0.00010000
1777881600000,0.00010000
1777910400003,0.00000222
1777939200000,0.00010000
1777968000011,0.00010000
1777996800000,0.00010000
1778025600010,0.00007950
1778054400000,0.00010000
1778083200002,0.00010000
1778112000000,0.00007836
1778140800000,0.00010000
1778169600004,0.00010000
1778198400003,0.00007572
1778227200002,0.00010000
1778256000003,0.00003820
1778284800000,0.00010000
1778313600001,0.00010000
1778342400002,0.00010000
1778371200003,-0.00018579
1778400000000,0.00010000
1778428800000,0.00010000
1778457600000,0.00005520
1778486400000,0.00010000
1778515200000,0.00004675
1778544000002,0.00010000
1778572800008,0.00006443
1778601600000,0.00004630
1778630400010,0.00005786
1778659200003,0.00009416
1778688000001,0.00002650
1778716800005,0.00001316
1778745600000,0.00006266
1778774400000,0.00010000
1778803200000,-0.00002290
1778832000016,0.00008311
1778860800012,-0.00011634
1778889600005,0.00000962
1778918400000,-0.00007279
1778947200005,-0.00002845
1778976000000,0.00000093
1779004800010,0.00007492
1779033600009,0.00004888
1779062400007,0.00001255
1779091200002,0.00010000
1779120000007,0.00002473
1779148800001,0.00001238
1779177600001,0.00010000
1779206400009,-0.00005795
1779235200001,0.00002116
1779264000006,0.00003253
1779292800000,0.00010000
1779321600001,0.00010000
1779350400000,0.00010000
1779379200000,-0.00000226
1779408000000,0.00003427
1779436800004,0.00003558
1779465600001,0.00010000
1779494400009,-0.00003761
1779523200001,-0.00010723
1779552000003,0.00000633
1779580800011,0.00009863
1779609600008,0.00003980
1779638400000,-0.00002658
1779667200001,-0.00000058
1779696000001,0.00010000
1779724800001,0.00010000
1779753600000,0.00010000
1779782400003,-0.00001747
1779811200000,-0.00002775
1779840000000,0.00005239
1779868800004,-0.00001160
1779897600009,0.00001331
1779926400001,0.00003052
1779955200000,-0.00012916
1779984000001,-0.00012594
1780012800000,0.00003417
1780041600001,0.00003501
1780070400008,-0.00004173
1780099200000,0.00002766
1780128000001,0.00000902
1780156800000,-0.00004015
1780185600000,-0.00005188
1780214400000,-0.00000606
1780243200004,0.00004888
1780272000001,0.00006424
1780300800001,-0.00002309
1780329600000,-0.00003929
1780358400000,-0.00001056
1780387200000,-0.00001271
1780416000000,-0.00000516
1780444800013,-0.00014324
1780473600000,-0.00003422
1780502400001,0.00010000
1780531200009,0.00002597
1780560000000,-0.00002481
1780588800003,-0.00006814
1780617600000,-0.00005130
1780646400004,-0.00008683
1780675200009,-0.00004354
1780704000000,-0.00006826
1780732800000,-0.00005030
1780761600000,-0.00002678
1780790400001,-0.00000674
1780819200000,0.00004045
1780848000000,0.00001342
1780876800000,0.00001297
1780905600005,0.00003288
1780934400004,0.00001815
1780963200000,0.00000131
1780992000000,0.00004848
1781020800001,-0.00001009
1781049600001,0.00006929
1781078400011,0.00000235
1781107200009,-0.00006336
1781136000000,-0.00006281
1781164800004,0.00010000
1781193600000,0.00010000
1781222400000,0.00002617
1781251200000,0.00010000
1781280000000,0.00010000
1781308800000,0.00010000
1781337600007,0.00010000
1781366400002,0.00003482
1781395200005,0.00002820
1781424000009,0.00000842
1781452800000,0.00006967
1781481600013,-0.00011155
1781510400013,0.00010000
1781539200004,0.00010000
1781568000000,0.00002476
1781596800000,0.00006500
1781625600001,-0.00002635
1781654400012,0.00010000
1781683200000,0.00010000
1781712000000,0.00010000
1781740800002,0.00001529
1781769600000,0.00003415
1781798400001,-0.00013631
1781827200005,0.00006091
1781856000001,-0.00011924
1781884800001,0.00010000
1781913600001,0.00010000
1781942400000,0.00010000
1781971200001,0.00010000
1782000000000,0.00003584
1782028800000,0.00001939
1782057600000,0.00003142
1782086400000,0.00000707
1782115200000,-0.00004023
1782144000002,0.00003576
1782172800003,0.00004596
1782201600005,-0.00002691
1782230400002,-0.00000986
1782259200005,-0.00008998
1782288000005,0.00010000
1782316800003,-0.00000267
1782345600000,-0.00018810
1782374400000,0.00010000
1782403200000,0.00003683
1782432000010,0.00004469
1782460800002,0.00010000
1782489600000,-0.00001442
1782518400000,0.00010000
1782547200000,0.00010000
1782576000009,0.00010000
1782604800000,0.00003914
1782633600013,0.00004755
1782662400000,0.00004255
1782691200006,0.00004871
1782720000013,0.00006255
1782748800004,0.00003707
1782777600000,0.00003996
1782806400000,0.00002877
1782835200005,0.00003942
1782864000000,0.00002821
1782892800000,0.00003512
1782921600000,-0.00000119
1782950400000,0.00009476
1782979200000,0.00010000
1783008000000,0.00006243
1783036800000,0.00000843
1783065600007,0.00010000
1783094400000,0.00010000
1783123200000,0.00010000
1783152000000,0.00010000
1783180800007,0.00010000
1783209600003,0.00010000
1783238400001,0.00001808
1783267200000,0.00002640
1783296000000,0.00007465
1783324800000,-0.00000627
1783353600000,0.00002939
1783382400000,0.00000417
1783411200000,0.00010000
1783440000000,0.00003695
1783468800000,0.00002353
1783497600000,0.00002456
1783526400000,0.00005931
1783555200000,0.00004861
1783584000001,0.00008753
1783612800001,0.00010000
1783641600000,0.00004587
1783670400005,0.00010000
1783699200005,0.00009430
1783728000000,-0.00000083
1783756800000,0.00010000
1783785600000,0.00010000
1783814400000,0.00010000
1783843200003,-0.00011479
1783872000000,0.00004222
1783900800000,-0.00010692
1783929600001,0.00006184
1783958400004,0.00004299
1783987200000,0.00002125
1784016000002,0.00004976
1784044800001,-0.00001933
1784073600005,0.00010000
1784102400002,0.00010000
1784131200000,0.00003371
1784160000000,0.00010000
1784188800003,0.00007946
1784217600002,0.00003751
1784246400000,0.00010000
1784275200010,-0.00002136
1784304000004,0.00002046
1784332800000,0.00004834
1784361600000,0.00010000
1784390400001,0.00000468
1784419200003,0.00004902
1784448000000,0.00010000
1784476800001,-0.00014646
1784505600000,0.00002834
1784534400001,-0.00024971
1784563200004,-0.00011071
1784592000001,0.00010000
1784620800000,0.00010000
1784649600002,0.00005971
1784678400000,-0.00007945
1784707200000,0.00006915
1784736000001,0.00005417
1784764800000,0.00002469
1784793600000,-0.00009500
1784822400000,0.00005366
1784851200000,0.00000115
1784880000000,-0.00006895
1784908800008,-0.00024932
1784937600002,-0.00017482
1784966400000,-0.00006141
1784995200000,0.00002260
1785024000000,0.00000733
1785052800002,0.00010000
1785081600000,0.00010000
1785110400010,0.00010000
1785139200000,0.00010000
1785168000001,0.00010000
1785196800000,0.00007979
1785225600000,0.00010000
1785254400000,-0.00007033
1785283200000,0.00002847
1785312000002,0.00010000
1785340800000,0.00000559
1785369600000,-0.00004792
1785398400000,0.00003289
1785427200000,0.00010000
1785456000003,0.00010000
1785484800000,0.00002337
1785513600000,-0.00007470
1785542400001,-0.00010994
1785571200000,0.00010000
1785600000000,0.00010000
1785628800000,-0.00013974
1785657600000,0.00010000
1785686400000,0.00010000
1785715200000,0.00006763
1785744000000,-0.00000906
1785772800000,0.00004727
1785801600004,0.00010000
1785830400002,0.00007083
1785859200000,0.00005557
1785888000003,0.00010000
1785916800004,0.00010000
1785945600000,0.00008550
1785974400002,-0.00004255
1786003200000,0.00010000
1786032000000,-0.00008459
1786060800000,-0.00001519
1786089600000,0.00008988
1786118400000,-0.00008209
1786147200001,0.00000459
1786176000000,-0.00007314
1786204800002,0.00010000
1786233600000,0.00010000
1786262400005,0.00010000
1786291200000,0.00010000
1786320000001,-0.00009569
1786348800005,0.00010000
1786377600000,0.00010000
1786406400000,0.00008049
1786435200006,-0.00015279
1786464000000,0.00001712
1786492800001,0.00001001
1786521600000,0.00001128
1786550400000,0.00010000
1786579200000,0.00001981
1786608000000,0.00010000
1786636800000,0.00008539
1786665600000,0.00005216
1786694400001,0.00003151
1786723200001,-0.00015939
1786752000003,0.00002552
1786780800002,0.00010000
1786809600000,0.00010000
1786838400000,-0.00001570
1786867200002,0.00010000
1786896000000,0.00001200
1786924800001,-0.00018080
1786953600003,0.00010000
1786982400005,0.00010000
1787011200006,0.00010000
1787040000001,-0.00009939
1787068800003,-0.00004014
1787097600000,-0.00003141
1787126400000,0.00010000
1787155200004,0.00004870
1787184000001,0.00000510
1787212800000,0.00010000
1787241600005,0.00007003
1787270400004,0.00010000
1787299200000,0.00010000
1787328000001,0.00010000
1787356800000,0.00010000
1787385600000,0.00010000
1787414400000,0.00010000
1787443200000,0.00010000
1787472000000,0.00010000
1787500800006,0.00010000
1787529600001,0.00010000
1787558400002,0.00010000
1787587200000,0.00009162
1787616000001,0.00010000
1787644800000,0.00010000
1787673600005,0.00010000
1787702400000,0.00010000
