open_time,open,high,low,close,volume,close_time,quote_volume,n_trades
1784725200000,19.00000000,21.11000000,19.00000000,21.09000000,3478.10000000,1784728799999,71735.83660000,551
1784728800000,21.10000000,21.47000000,20.73000000,20.87000000,8494.60000000,1784732399999,179126.55660000,1064
1784732400000,20.88000000,21.41000000,20.88000000,21.31000000,3318.81000000,1784735999999,70321.93630000,338
1784736000000,21.29000000,21.37000000,21.07000000,21.31000000,1515.75000000,1784739599999,32254.81120000,131
1784739600000,21.24000000,21.32000000,20.85000000,20.88000000,910.10000000,1784743199999,19105.78810000,73
1784743200000,20.88000000,21.01000000,20.62000000,20.93000000,403.21000000,1784746799999,8413.68900000,81
1784746800000,20.93000000,20.93000000,20.66000000,20.82000000,665.75000000,1784750399999,13848.40180000,97
1784750400000,20.84000000,21.53000000,20.70000000,21.17000000,12361.92000000,1784753999999,259221.62330000,368
1784754000000,21.18000000,22.18000000,21.18000000,21.75000000,6927.42000000,1784757599999,151388.96620000,477
1784757600000,21.79000000,21.89000000,21.04000000,21.19000000,30180.68000000,1784761199999,641392.91830000,979
1784761200000,21.19000000,21.62000000,20.97000000,21.62000000,34673.98000000,1784764799999,735533.47230000,1195
1784764800000,21.62000000,22.56000000,21.51000000,22.43000000,16671.69000000,1784768399999,368183.66980000,1179
1784768400000,22.42000000,22.81000000,21.99000000,22.01000000,15204.20000000,1784771999999,340493.04900000,755
1784772000000,22.02000000,22.29000000,21.44000000,22.18000000,9914.16000000,1784775599999,217011.13690000,512
1784775600000,22.21000000,22.68000000,21.71000000,22.47000000,11440.00000000,1784779199999,253158.16280000,409
1784779200000,22.44000000,22.86000000,22.19000000,22.68000000,5252.91000000,1784782799999,118552.33050000,358
1784782800000,22.62000000,23.16000000,22.29000000,22.65000000,6856.81000000,1784786399999,155731.88210000,342
1784786400000,22.68000000,23.14000000,22.51000000,22.94000000,6734.65000000,1784789999999,154219.67780000,271
1784790000000,22.98000000,22.98000000,22.44000000,22.65000000,2290.29000000,1784793599999,51951.20850000,304
1784793600000,22.63000000,23.00000000,22.50000000,23.00000000,566.64000000,1784797199999,12881.06720000,144
1784797200000,22.99000000,23.27000000,22.92000000,23.12000000,904.97000000,1784800799999,20898.78420000,111
1784800800000,23.10000000,23.41000000,22.95000000,23.32000000,1207.97000000,1784804399999,28064.12510000,123
1784804400000,23.29000000,23.29000000,22.32000000,22.41000000,2179.09000000,1784807999999,49641.70450000,145
1784808000000,22.33000000,22.33000000,21.09000000,21.35000000,8995.26000000,1784811599999,192714.38440000,283
1784811600000,21.37000000,22.47000000,20.76000000,21.66000000,9822.49000000,1784815199999,207561.23330000,573
1784815200000,21.63000000,22.19000000,21.38000000,21.60000000,9608.31000000,1784818799999,210466.42150000,549
1784818800000,21.57000000,21.60000000,20.37000000,21.37000000,6873.91000000,1784822399999,143910.78790000,413
1784822400000,21.39000000,21.99000000,21.29000000,21.63000000,1562.67000000,1784825999999,33788.58250000,300
1784826000000,21.61000000,21.90000000,21.33000000,21.62000000,329.87000000,1784829599999,7158.97650000,202
1784829600000,21.58000000,21.93000000,21.48000000,21.57000000,74.30000000,1784833199999,1608.78790000,72
1784833200000,21.60000000,22.02000000,21.25000000,22.02000000,183.93000000,1784836799999,3985.19280000,95
1784836800000,22.02000000,22.36000000,22.01000000,22.16000000,4221.43000000,1784840399999,93773.03390000,74
1784840400000,22.17000000,22.36000000,21.77000000,21.78000000,5612.34000000,1784843999999,122941.21560000,130
1784844000000,21.68000000,21.70000000,21.35000000,21.63000000,184.31000000,1784847599999,3970.97650000,115
1784847600000,21.79000000,21.88000000,21.54000000,21.72000000,369.60000000,1784851199999,8017.24290000,88
1784851200000,21.68000000,21.80000000,20.61000000,21.21000000,22442.78000000,1784854799999,470907.29540000,924
1784854800000,21.20000000,21.69000000,20.94000000,20.99000000,12409.23000000,1784858399999,265844.98250000,639
1784858400000,20.99000000,20.99000000,19.41000000,19.42000000,28881.73000000,1784861999999,577266.60770000,776
1784862000000,19.43000000,19.87000000,19.32000000,19.36000000,9704.78000000,1784865599999,190284.50920000,456
1784865600000,19.38000000,20.04000000,19.23000000,19.89000000,8808.58000000,1784869199999,173179.70110000,382
1784869200000,19.89000000,20.43000000,19.64000000,19.67000000,14233.19000000,1784872799999,287325.66180000,604
1784872800000,19.68000000,19.80000000,19.36000000,19.74000000,5379.63000000,1784876399999,104875.88960000,309
1784876400000,19.76000000,20.30000000,19.76000000,20.22000000,3683.93000000,1784879999999,74202.79740000,197
1784880000000,20.19000000,20.32000000,19.98000000,20.20000000,2174.14000000,1784883599999,43854.11030000,227
1784883600000,20.13000000,20.50000000,20.10000000,20.46000000,1690.97000000,1784887199999,34393.22670000,133
1784887200000,20.50000000,20.53000000,20.15000000,20.30000000,4755.91000000,1784890799999,96872.65350000,209
1784890800000,20.28000000,20.74000000,20.27000000,20.70000000,4076.92000000,1784894399999,83592.15070000,209
1784894400000,20.58000000,20.85000000,20.09000000,20.09000000,2589.18000000,1784897999999,53589.32190000,146
1784898000000,20.14000000,20.35000000,18.49000000,18.58000000,21168.43000000,1784901599999,408495.56540000,1008
1784901600000,18.62000000,19.17000000,18.14000000,19.02000000,11004.35000000,1784905199999,202487.16660000,1182
1784905200000,19.01000000,19.66000000,18.76000000,19.50000000,12280.16000000,1784908799999,239749.63670000,712
1784908800000,19.49000000,19.65000000,18.62000000,18.78000000,367.67000000,1784912399999,7018.73330000,212
1784912400000,18.76000000,19.06000000,18.51000000,18.80000000,1329.25000000,1784915999999,24975.41340000,258
1784916000000,18.78000000,18.88000000,18.02000000,18.18000000,6782.24000000,1784919599999,124441.44830000,523
1784919600000,18.20000000,18.26000000,17.82000000,17.92000000,2875.20000000,1784923199999,51561.96740000,382
1784923200000,17.96000000,18.05000000,17.86000000,17.98000000,5832.65000000,1784926799999,104639.87980000,275
1784926800000,17.91000000,17.94000000,17.78000000,17.79000000,1880.82000000,1784930399999,33533.75790000,100
1784930400000,17.86000000,18.11000000,17.86000000,17.98000000,487.93000000,1784933999999,8782.76360000,178
1784934000000,18.00000000,18.11000000,17.64000000,17.66000000,3851.28000000,1784937599999,68381.65020000,298
1784937600000,17.66000000,18.49000000,17.66000000,18.31000000,770.45000000,1784941199999,13906.49880000,308
1784941200000,18.36000000,18.47000000,18.28000000,18.30000000,808.99000000,1784944799999,14926.41200000,103
1784944800000,18.35000000,18.59000000,18.28000000,18.43000000,738.64000000,1784948399999,13603.87460000,177
1784948400000,18.44000000,18.52000000,18.32000000,18.47000000,287.32000000,1784951999999,5284.83950000,74
1784952000000,18.48000000,18.61000000,18.44000000,18.50000000,284.41000000,1784955599999,5266.70040000,112
1784955600000,18.51000000,18.58000000,18.50000000,18.57000000,989.99000000,1784959199999,18355.13100000,87
1784959200000,18.58000000,18.62000000,18.57000000,18.58000000,46.47000000,1784962799999,863.91600000,21
1784962800000,18.59000000,18.62000000,18.38000000,18.41000000,501.80000000,1784966399999,9259.37130000,107
1784966400000,18.46000000,18.51000000,18.44000000,18.45000000,376.06000000,1784969999999,6935.76340000,31
1784970000000,18.50000000,18.52000000,18.36000000,18.46000000,431.07000000,1784973599999,7971.59250000,48
1784973600000,18.48000000,18.53000000,18.45000000,18.53000000,17.33000000,1784977199999,320.92320000,12
1784977200000,18.52000000,18.55000000,18.41000000,18.49000000,72.38000000,1784980799999,1336.63410000,24
1784980800000,18.47000000,18.69000000,18.47000000,18.60000000,702.83000000,1784984399999,13083.28480000,172
1784984400000,18.59000000,18.64000000,18.48000000,18.48000000,80.71000000,1784987999999,1498.13640000,82
1784988000000,18.46000000,18.58000000,18.43000000,18.58000000,885.82000000,1784991599999,16381.10530000,110
1784991600000,18.52000000,18.58000000,18.48000000,18.52000000,66.28000000,1784995199999,1227.04750000,25
1784995200000,18.48000000,18.65000000,18.44000000,18.59000000,758.29000000,1784998799999,14009.15500000,60
1784998800000,18.57000000,18.75000000,18.54000000,18.72000000,65.46000000,1785002399999,1220.55560000,47
1785002400000,18.68000000,18.76000000,18.61000000,18.61000000,44.26000000,1785005999999,826.72480000,48
1785006000000,18.66000000,18.81000000,18.66000000,18.81000000,35.62000000,1785009599999,667.07270000,29
1785009600000,18.77000000,18.90000000,18.72000000,18.72000000,585.08000000,1785013199999,11017.79080000,92
1785013200000,18.73000000,18.77000000,18.66000000,18.67000000,104.06000000,1785016799999,1947.26990000,74
1785016800000,18.68000000,18.83000000,18.65000000,18.78000000,366.79000000,1785020399999,6883.95190000,210
1785020400000,18.75000000,18.85000000,18.69000000,18.78000000,4001.91000000,1785023999999,75288.27780000,239
1785024000000,18.77000000,18.87000000,18.73000000,18.82000000,327.65000000,1785027599999,6159.09320000,115
1785027600000,18.84000000,19.04000000,18.82000000,18.97000000,730.47000000,1785031199999,13836.44420000,387
1785031200000,18.97000000,19.06000000,18.94000000,19.00000000,913.58000000,1785034799999,17347.48710000,605
1785034800000,19.02000000,19.20000000,19.00000000,19.14000000,1329.04000000,1785038399999,25457.44390000,327
1785038400000,19.16000000,19.31000000,19.13000000,19.18000000,3834.12000000,1785041999999,73640.81700000,429
1785042000000,19.15000000,19.25000000,19.15000000,19.24000000,229.38000000,1785045599999,4401.00040000,110
1785045600000,19.24000000,19.29000000,19.15000000,19.23000000,48.99000000,1785049199999,941.25150000,42
1785049200000,19.19000000,19.25000000,19.18000000,19.22000000,174.46000000,1785052799999,3353.73080000,98
1785052800000,19.22000000,19.22000000,19.05000000,19.19000000,149.00000000,1785056399999,2849.82030000,85
1785056400000,19.18000000,19.19000000,19.04000000,19.16000000,4159.24000000,1785059999999,79667.26670000,339
1785060000000,19.16000000,19.37000000,19.14000000,19.33000000,4673.28000000,1785063599999,89636.40670000,1039
1785063600000,19.32000000,19.36000000,19.25000000,19.28000000,579.74000000,1785067199999,11179.44430000,157
1785067200000,19.27000000,19.27000000,19.07000000,19.14000000,2959.96000000,1785070799999,56795.91060000,168
1785070800000,19.14000000,19.25000000,19.14000000,19.23000000,137.04000000,1785074399999,2632.22020000,76
1785074400000,19.26000000,19.47000000,19.26000000,19.29000000,294.20000000,1785077999999,5685.44220000,79
1785078000000,19.27000000,19.38000000,19.24000000,19.32000000,347.60000000,1785081599999,6712.44350000,48
1785081600000,19.35000000,19.42000000,19.33000000,19.39000000,428.52000000,1785085199999,8307.14780000,43
1785085200000,19.36000000,19.43000000,19.32000000,19.42000000,146.84000000,1785088799999,2847.72720000,121
1785088800000,19.43000000,19.47000000,19.38000000,19.45000000,121.89000000,1785092399999,2369.34490000,154
1785092400000,19.45000000,19.46000000,19.35000000,19.35000000,87.62000000,1785095999999,1702.01690000,94
1785096000000,19.36000000,19.39000000,19.36000000,19.38000000,29.17000000,1785099599999,565.28010000,18
1785099600000,19.36000000,19.44000000,19.29000000,19.44000000,110.96000000,1785103199999,2148.24370000,108
1785103200000,19.43000000,20.06000000,19.39000000,19.95000000,4993.27000000,1785106799999,98911.19480000,4301
1785106800000,19.98000000,20.35000000,19.89000000,20.17000000,6324.53000000,1785110399999,127965.95390000,5411
1785110400000,20.18000000,20.47000000,19.33000000,19.44000000,53157.13000000,1785113999999,1047744.59450000,4407
1785114000000,19.46000000,19.55000000,18.27000000,18.87000000,60090.50000000,1785117599999,1115337.44830000,2390
1785117600000,18.88000000,19.03000000,18.47000000,18.64000000,21991.02000000,1785121199999,411321.57850000,1332
1785121200000,18.60000000,19.19000000,18.54000000,18.70000000,5824.59000000,1785124799999,110149.98630000,606
1785124800000,18.70000000,19.34000000,18.62000000,19.19000000,3834.11000000,1785128399999,72896.50130000,623
1785128400000,19.17000000,19.59000000,19.16000000,19.39000000,17738.69000000,1785131999999,344726.52060000,1417
1785132000000,19.38000000,19.70000000,19.38000000,19.55000000,6083.44000000,1785135599999,119425.42830000,217
1785135600000,19.59000000,19.68000000,19.55000000,19.56000000,1201.38000000,1785139199999,23554.79020000,71
1785139200000,19.56000000,19.66000000,19.45000000,19.63000000,817.94000000,1785142799999,16013.67050000,37
1785142800000,19.59000000,19.80000000,19.53000000,19.79000000,141.74000000,1785146399999,2782.39800000,32
1785146400000,19.74000000,19.74000000,19.54000000,19.71000000,202.66000000,1785149999999,3974.73140000,34
1785150000000,19.65000000,19.65000000,19.24000000,19.36000000,8079.69000000,1785153599999,156011.76470000,250
1785153600000,19.39000000,19.48000000,19.09000000,19.41000000,4469.79000000,1785157199999,86087.99450000,254
1785157200000,19.44000000,19.49000000,17.85000000,17.96000000,11856.75000000,1785160799999,220671.16540000,925
1785160800000,17.96000000,18.03000000,16.14000000,16.85000000,38400.23000000,1785164399999,648312.20430000,1870
1785164400000,16.78000000,16.88000000,15.91000000,16.42000000,27712.28000000,1785167999999,451228.80820000,1212
1785168000000,16.43000000,16.61000000,16.04000000,16.16000000,4359.19000000,1785171599999,71124.22630000,596
1785171600000,16.14000000,16.38000000,15.86000000,16.34000000,5711.16000000,1785175199999,92042.13480000,433
1785175200000,16.36000000,16.74000000,16.24000000,16.74000000,4261.63000000,1785178799999,69685.30410000,355
1785178800000,16.72000000,17.24000000,16.67000000,17.23000000,3334.90000000,1785182399999,56535.17720000,329
1785182400000,17.21000000,17.27000000,17.05000000,17.13000000,1508.79000000,1785185999999,25837.35710000,105
1785186000000,17.12000000,17.30000000,17.04000000,17.27000000,3264.88000000,1785189599999,55870.20560000,107
1785189600000,17.26000000,17.26000000,16.87000000,16.87000000,2004.34000000,1785193199999,34144.72000000,147
1785193200000,16.87000000,17.09000000,16.50000000,16.75000000,10740.91000000,1785196799999,180397.17190000,579
1785196800000,16.73000000,17.00000000,15.58000000,15.64000000,85941.84000000,1785200399999,1378495.28070000,10350
1785200400000,15.66000000,15.95000000,15.12000000,15.13000000,110754.58000000,1785203999999,1726057.48500000,14908
1785204000000,15.12000000,15.47000000,14.69000000,14.78000000,156470.67000000,1785207599999,2338569.00320000,21872
1785207600000,14.78000000,15.10000000,14.35000000,14.90000000,122765.67000000,1785211199999,1803071.18540000,17717
1785211200000,14.88000000,14.88000000,14.35000000,14.66000000,40152.59000000,1785214799999,586475.00160000,3846
1785214800000,14.68000000,14.94000000,14.05000000,14.16000000,77659.08000000,1785218399999,1125228.01270000,8316
1785218400000,14.18000000,14.61000000,14.00000000,14.55000000,31167.48000000,1785221999999,447665.42290000,3941
1785222000000,14.55000000,14.68000000,14.26000000,14.33000000,18662.30000000,1785225599999,270137.46100000,1415
1785225600000,14.35000000,14.88000000,14.05000000,14.50000000,33688.19000000,1785229199999,485220.15120000,1790
1785229200000,14.49000000,14.56000000,14.09000000,14.15000000,7649.87000000,1785232799999,110088.34820000,544
1785232800000,14.14000000,14.22000000,13.78000000,13.93000000,8390.38000000,1785236399999,117277.84210000,429
1785236400000,13.98000000,14.25000000,13.58000000,14.20000000,18913.03000000,1785239999999,260574.54240000,1549
1785240000000,14.18000000,14.52000000,14.14000000,14.38000000,13984.75000000,1785243599999,200074.02310000,2101
1785243600000,14.37000000,14.54000000,13.37000000,13.54000000,39479.96000000,1785247199999,551329.62090000,2723
1785247200000,13.52000000,14.80000000,13.23000000,14.41000000,56048.29000000,1785250799999,783940.80290000,4267
1785250800000,14.46000000,15.23000000,14.21000000,15.16000000,16959.35000000,1785254399999,251800.41170000,1666
1785254400000,15.18000000,15.30000000,14.79000000,15.03000000,10206.98000000,1785257999999,152934.99990000,821
1785258000000,15.00000000,15.04000000,14.29000000,14.48000000,7882.45000000,1785261599999,115111.68320000,1198
1785261600000,14.52000000,14.62000000,14.33000000,14.58000000,4818.84000000,1785265199999,69805.77090000,711
1785265200000,14.59000000,14.88000000,14.12000000,14.12000000,8322.40000000,1785268799999,121051.27090000,746
1785268800000,14.18000000,14.82000000,14.09000000,14.67000000,8539.81000000,1785272399999,124436.00350000,654
1785272400000,14.70000000,15.14000000,14.65000000,15.07000000,7137.91000000,1785275999999,106169.80780000,756
1785276000000,15.05000000,15.17000000,13.38000000,13.40000000,44831.57000000,1785279599999,629364.84720000,4447
1785279600000,13.40000000,15.15000000,13.32000000,15.12000000,32963.95000000,1785283199999,468370.52490000,3839
1785283200000,15.09000000,15.64000000,14.39000000,14.88000000,70962.64000000,1785286799999,1061626.22220000,3026
1785286800000,14.90000000,15.17000000,12.57000000,12.61000000,358591.16000000,1785290399999,4885450.50560000,19497
1785290400000,12.61000000,12.85000000,11.67000000,11.74000000,614327.90000000,1785293999999,7596010.08040000,19248
1785294000000,11.74000000,12.30000000,11.32000000,11.45000000,326952.64000000,1785297599999,3816854.70760000,12344
1785297600000,11.46000000,11.50000000,10.40000000,11.18000000,214347.54000000,1785301199999,2322729.23410000,36757
1785301200000,11.17000000,12.17000000,11.07000000,11.89000000,274874.30000000,1785304799999,3228689.84570000,6372
1785304800000,11.88000000,12.54000000,11.43000000,12.49000000,220382.44000000,1785308399999,2622375.96710000,4952
1785308400000,12.50000000,12.82000000,12.46000000,12.68000000,67947.08000000,1785311999999,861349.99510000,1549
1785312000000,12.68000000,12.78000000,12.30000000,12.55000000,28998.95000000,1785315599999,364673.79090000,957
1785315600000,12.54000000,13.51000000,12.54000000,13.32000000,65324.73000000,1785319199999,856806.21810000,1546
1785319200000,13.32000000,13.42000000,12.76000000,12.82000000,18795.09000000,1785322799999,246316.84290000,614
1785322800000,12.86000000,13.51000000,12.84000000,13.50000000,10981.13000000,1785326399999,144676.10970000,928
1785326400000,13.50000000,13.51000000,12.64000000,13.06000000,23857.61000000,1785329999999,308904.78340000,1514
1785330000000,13.05000000,13.93000000,12.86000000,13.34000000,79613.47000000,1785333599999,1069024.87650000,5844
1785333600000,13.36000000,14.13000000,12.15000000,12.48000000,53916.15000000,1785337199999,701098.35700000,4494
1785337200000,12.47000000,12.81000000,12.11000000,12.41000000,22863.51000000,1785340799999,285885.39160000,3889
1785340800000,12.42000000,12.58000000,11.68000000,12.50000000,17009.69000000,1785344399999,206240.42010000,1487
1785344400000,12.51000000,13.01000000,12.51000000,13.01000000,7107.26000000,1785347999999,91125.93340000,815
1785348000000,13.02000000,14.68000000,13.02000000,14.62000000,63827.33000000,1785351599999,872573.40000000,2807
1785351600000,14.64000000,14.81000000,12.05000000,12.09000000,28118.75000000,1785355199999,370864.62930000,2423
1785355200000,12.12000000,12.17000000,11.64000000,11.73000000,25842.94000000,1785358799999,309614.88920000,1885
1785358800000,11.73000000,11.82000000,11.39000000,11.71000000,35480.38000000,1785362399999,410500.78940000,3067
1785362400000,11.72000000,12.40000000,11.63000000,12.26000000,7363.13000000,1785365999999,88199.05290000,586
1785366000000,12.26000000,12.48000000,11.90000000,12.29000000,12070.20000000,1785369599999,146960.67460000,1283
1785369600000,12.29000000,12.93000000,11.77000000,12.44000000,204001.18000000,1785373199999,2518358.39340000,9341
1785373200000,12.45000000,14.12000000,12.26000000,13.71000000,191706.14000000,1785376799999,2534921.68260000,5417
1785376800000,13.72000000,13.98000000,12.29000000,12.36000000,209712.69000000,1785380399999,2759126.74590000,8113
1785380400000,12.36000000,12.49000000,11.90000000,12.20000000,161090.24000000,1785383999999,1961524.57860000,4829
1785384000000,12.22000000,12.43000000,11.72000000,11.85000000,106442.25000000,1785387599999,1279694.00400000,2364
1785387600000,11.86000000,12.51000000,11.74000000,12.06000000,128925.13000000,1785391199999,1552742.54710000,3433
1785391200000,12.05000000,12.18000000,11.68000000,11.73000000,40493.60000000,1785394799999,484155.03280000,3564
1785394800000,11.71000000,12.01000000,11.60000000,11.64000000,22859.55000000,1785398399999,269258.58970000,2724
1785398400000,11.63000000,12.07000000,11.52000000,11.91000000,13215.91000000,1785401999999,156425.78470000,683
1785402000000,11.89000000,12.18000000,11.83000000,12.08000000,8452.51000000,1785405599999,101869.90590000,588
1785405600000,12.07000000,12.73000000,12.02000000,12.51000000,54394.56000000,1785409199999,686391.63450000,1282
1785409200000,12.51000000,13.05000000,12.50000000,13.02000000,21819.53000000,1785412799999,280046.96900000,1018
1785412800000,13.03000000,13.62000000,12.98000000,13.60000000,25812.75000000,1785416399999,343398.51220000,1074
1785416400000,13.59000000,14.91000000,13.59000000,14.88000000,96036.56000000,1785419999999,1362014.70150000,4109
1785420000000,14.85000000,15.37000000,14.44000000,14.99000000,95346.33000000,1785423599999,1424897.35040000,5051
1785423600000,15.00000000,15.62000000,14.87000000,15.54000000,15027.33000000,1785427199999,228495.84470000,1285
1785427200000,15.52000000,15.86000000,15.48000000,15.71000000,112621.59000000,1785430799999,1769332.91510000,8942
1785430800000,15.72000000,15.97000000,15.72000000,15.83000000,8216.09000000,1785434399999,130058.78180000,267
1785434400000,15.82000000,15.84000000,15.58000000,15.76000000,1820.02000000,1785437999999,28534.78600000,174
1785438000000,15.78000000,16.31000000,15.78000000,16.29000000,24450.17000000,1785441599999,393710.74060000,782
1785441600000,16.29000000,16.47000000,15.93000000,16.19000000,73668.21000000,1785445199999,1197304.45720000,4815
1785445200000,16.24000000,16.62000000,16.00000000,16.33000000,13782.39000000,1785448799999,225125.75170000,1390
1785448800000,16.28000000,16.83000000,16.24000000,16.80000000,42155.05000000,1785452399999,707075.26420000,3698
1785452400000,16.78000000,16.92000000,15.96000000,16.88000000,26562.73000000,1785455999999,438029.30810000,3935
1785456000000,16.89000000,17.50000000,15.78000000,17.48000000,369927.96000000,1785459599999,6255799.87110000,26785
1785459600000,17.49000000,17.79000000,16.38000000,16.70000000,101916.24000000,1785463199999,1792931.33590000,11163
1785463200000,16.71000000,16.94000000,16.32000000,16.62000000,255329.87000000,1785466799999,4260738.82840000,16101
1785466800000,16.62000000,16.89000000,16.43000000,16.68000000,243285.95000000,1785470399999,4048847.29140000,7871
1785470400000,16.67000000,17.61000000,16.50000000,17.57000000,94733.02000000,1785473999999,1594216.53720000,3102
1785474000000,17.59000000,18.14000000,17.48000000,18.03000000,48604.50000000,1785477599999,868487.44860000,4962
1785477600000,17.98000000,18.50000000,17.36000000,17.55000000,53086.30000000,1785481199999,946359.12000000,3397
1785481200000,17.52000000,18.06000000,17.25000000,17.90000000,60758.93000000,1785484799999,1072726.15680000,6748
1785484800000,17.90000000,17.99000000,17.41000000,17.88000000,19044.32000000,1785488399999,337545.05250000,1931
1785488400000,17.88000000,18.12000000,17.13000000,17.19000000,10252.97000000,1785491999999,181172.39770000,988
1785492000000,17.20000000,17.67000000,17.13000000,17.32000000,3882.28000000,1785495599999,68196.15570000,318
1785495600000,17.36000000,17.50000000,16.98000000,17.34000000,5725.26000000,1785499199999,98647.75160000,491
1785499200000,17.28000000,17.31000000,16.64000000,17.03000000,4466.47000000,1785502799999,75586.93220000,534
1785502800000,16.91000000,17.76000000,15.41000000,15.61000000,106009.10000000,1785506399999,1716065.27620000,5380
1785506400000,15.62000000,15.86000000,14.90000000,15.76000000,81603.57000000,1785509999999,1254674.65610000,7631
1785510000000,15.79000000,15.99000000,15.03000000,15.45000000,12873.37000000,1785513599999,198788.67700000,1545
1785513600000,15.46000000,15.94000000,15.06000000,15.88000000,4998.20000000,1785517199999,76934.01010000,638
1785517200000,15.86000000,16.15000000,15.61000000,15.73000000,4580.10000000,1785520799999,72767.79830000,680
1785520800000,15.72000000,15.82000000,15.34000000,15.44000000,1142.86000000,1785524399999,17793.85470000,378
1785524400000,15.46000000,15.54000000,14.88000000,15.12000000,17458.24000000,1785527999999,264423.59330000,936
1785528000000,15.13000000,15.19000000,14.78000000,14.78000000,7535.19000000,1785531599999,113093.07270000,877
1785531600000,14.77000000,14.93000000,14.73000000,14.78000000,1760.84000000,1785535199999,26180.62530000,129
1785535200000,14.76000000,14.97000000,14.70000000,14.93000000,1570.63000000,1785538799999,23299.88440000,223
1785538800000,14.88000000,15.11000000,14.79000000,14.98000000,3912.94000000,1785542399999,58512.66180000,963
1785542400000,15.02000000,15.41000000,14.97000000,15.11000000,7532.84000000,1785545999999,114317.55640000,1189
1785546000000,15.08000000,15.22000000,14.85000000,14.97000000,30413.63000000,1785549599999,454749.90140000,2417
1785549600000,14.98000000,15.08000000,14.96000000,15.06000000,1682.70000000,1785553199999,25282.24380000,326
1785553200000,15.04000000,15.08000000,14.96000000,15.01000000,1722.06000000,1785556799999,25892.72370000,148
1785556800000,15.02000000,15.08000000,15.00000000,15.02000000,1488.65000000,1785560399999,22378.15560000,47
1785560400000,15.00000000,15.04000000,14.43000000,14.67000000,75398.29000000,1785563999999,1106997.25110000,6172
1785564000000,14.67000000,15.02000000,14.60000000,14.69000000,3477.61000000,1785567599999,51368.79440000,402
1785567600000,14.69000000,14.82000000,14.63000000,14.77000000,2511.80000000,1785571199999,37059.67010000,172
1785571200000,14.79000000,15.04000000,14.74000000,14.76000000,13825.20000000,1785574799999,205854.84980000,2187
1785574800000,14.77000000,14.87000000,14.73000000,14.80000000,9599.20000000,1785578399999,142071.78110000,1540
1785578400000,14.81000000,14.88000000,14.77000000,14.84000000,2928.18000000,1785581999999,43462.98260000,104
1785582000000,14.86000000,15.08000000,14.84000000,15.03000000,8923.74000000,1785585599999,133610.64590000,1788
1785585600000,15.04000000,15.07000000,14.95000000,14.99000000,3200.28000000,1785589199999,47966.22990000,226
1785589200000,14.98000000,15.23000000,14.89000000,15.07000000,5492.34000000,1785592799999,82643.33130000,391
1785592800000,15.08000000,15.12000000,15.01000000,15.02000000,3996.96000000,1785596399999,60158.06480000,283
1785596400000,15.03000000,15.08000000,14.94000000,15.04000000,960.36000000,1785599999999,14427.19080000,106
1785600000000,15.05000000,15.12000000,14.98000000,15.09000000,19737.21000000,1785603599999,296868.48860000,1465
1785603600000,15.14000000,15.16000000,15.03000000,15.08000000,3253.29000000,1785607199999,48942.48090000,282
1785607200000,15.09000000,15.09000000,14.60000000,14.79000000,22143.38000000,1785610799999,327613.36760000,4354
1785610800000,14.74000000,14.89000000,14.43000000,14.47000000,2196.15000000,1785614399999,32291.18890000,353
1785614400000,14.50000000,14.75000000,14.41000000,14.67000000,4515.22000000,1785617999999,65728.21210000,575
1785618000000,14.67000000,15.16000000,14.54000000,15.08000000,18184.51000000,1785621599999,271480.11170000,5144
1785621600000,15.08000000,15.09000000,14.91000000,15.04000000,1204.11000000,1785625199999,18063.35830000,509
1785625200000,15.05000000,15.10000000,14.96000000,15.04000000,1732.37000000,1785628799999,26000.21460000,137
1785628800000,15.05000000,15.35000000,15.04000000,15.17000000,3977.36000000,1785632399999,60496.76080000,360
1785632400000,15.16000000,15.20000000,15.12000000,15.15000000,1181.15000000,1785635999999,17898.32560000,144
1785636000000,15.14000000,15.87000000,15.10000000,15.65000000,18754.87000000,1785639599999,293004.07090000,3786
1785639600000,15.65000000,15.79000000,15.63000000,15.79000000,3632.86000000,1785643199999,57096.70280000,395
1785643200000,15.80000000,15.97000000,15.71000000,15.83000000,6600.35000000,1785646799999,104603.65700000,748
1785646800000,15.83000000,16.05000000,15.80000000,16.02000000,8797.08000000,1785650399999,140028.16190000,836
1785650400000,16.01000000,16.05000000,15.78000000,15.80000000,10014.74000000,1785653999999,159204.35180000,802
1785654000000,15.79000000,15.94000000,15.77000000,15.91000000,7945.80000000,1785657599999,126087.61360000,812
1785657600000,15.92000000,16.02000000,15.88000000,15.94000000,1329.38000000,1785661199999,21210.33160000,192
1785661200000,15.95000000,15.96000000,15.81000000,15.94000000,2929.97000000,1785664799999,46522.32180000,1143
1785664800000,15.91000000,15.96000000,15.86000000,15.87000000,1089.09000000,1785668399999,17324.87270000,110
1785668400000,15.88000000,15.88000000,15.55000000,15.56000000,17536.40000000,1785671999999,275729.45770000,4829
1785672000000,15.58000000,15.73000000,15.55000000,15.65000000,832.46000000,1785675599999,13002.25060000,87
1785675600000,15.65000000,15.70000000,15.56000000,15.64000000,2447.18000000,1785679199999,38252.47320000,116
1785679200000,15.64000000,15.65000000,15.53000000,15.59000000,733.13000000,1785682799999,11444.05500000,81
1785682800000,15.55000000,15.62000000,15.51000000,15.58000000,2100.21000000,1785686399999,32744.54430000,123
1785686400000,15.57000000,15.68000000,15.57000000,15.67000000,975.40000000,1785689999999,15224.49390000,98
1785690000000,15.66000000,15.82000000,15.66000000,15.66000000,11452.33000000,1785693599999,180227.70150000,2689
1785693600000,15.67000000,15.76000000,15.62000000,15.69000000,4026.79000000,1785697199999,63059.46270000,379
1785697200000,15.72000000,15.82000000,15.71000000,15.82000000,5215.75000000,1785700799999,82299.04230000,566
1785700800000,15.80000000,15.82000000,15.71000000,15.73000000,4183.48000000,1785704399999,66000.92310000,420
1785704400000,15.73000000,16.33000000,15.66000000,15.89000000,25223.43000000,1785707999999,404979.69960000,12379
1785708000000,15.90000000,16.20000000,15.72000000,16.05000000,16391.85000000,1785711599999,261208.45960000,5001
1785711600000,16.08000000,16.46000000,15.84000000,16.33000000,18013.64000000,1785715199999,291564.62320000,3290
1785715200000,16.32000000,16.68000000,15.69000000,16.57000000,95094.22000000,1785718799999,1540103.74790000,6780
1785718800000,16.57000000,16.74000000,15.94000000,16.61000000,30163.26000000,1785722399999,492745.59770000,3576
1785722400000,16.59000000,16.96000000,16.31000000,16.37000000,30462.57000000,1785725999999,505547.46680000,3364
1785726000000,16.38000000,16.47000000,15.98000000,16.15000000,12758.85000000,1785729599999,206701.10260000,893
1785729600000,16.13000000,16.32000000,15.90000000,15.90000000,6314.33000000,1785733199999,101774.21580000,500
1785733200000,15.96000000,16.18000000,15.84000000,16.04000000,6291.57000000,1785736799999,100786.20120000,549
1785736800000,16.02000000,16.19000000,15.91000000,16.09000000,15141.51000000,1785740399999,243253.93780000,1251
1785740400000,16.10000000,16.15000000,15.91000000,16.06000000,36640.62000000,1785743999999,586326.33420000,651
1785744000000,16.04000000,16.11000000,15.36000000,15.73000000,38135.49000000,1785747599999,600105.74790000,807
1785747600000,15.72000000,15.72000000,15.31000000,15.44000000,3637.71000000,1785751199999,56292.93590000,275
1785751200000,15.44000000,15.44000000,14.92000000,15.21000000,2556.22000000,1785754799999,38764.90690000,276
1785754800000,15.20000000,15.20000000,14.52000000,14.58000000,8174.25000000,1785758399999,120613.38440000,465
1785758400000,14.57000000,14.90000000,14.36000000,14.72000000,7546.35000000,1785761999999,110399.03680000,445
1785762000000,14.68000000,14.90000000,13.57000000,14.44000000,97276.42000000,1785765599999,1387143.21470000,3612
1785765600000,14.43000000,15.48000000,14.01000000,15.47000000,12405.64000000,1785769199999,180825.49380000,1263
1785769200000,15.44000000,15.44000000,14.56000000,14.88000000,3745.56000000,1785772799999,56064.03200000,490
1785772800000,14.92000000,15.30000000,14.92000000,15.13000000,5102.69000000,1785776399999,77574.04050000,298
1785776400000,15.08000000,15.94000000,15.05000000,15.89000000,5929.87000000,1785779999999,93102.11710000,274
1785780000000,15.90000000,16.11000000,15.64000000,15.69000000,12442.63000000,1785783599999,198379.42210000,548
1785783600000,15.68000000,16.04000000,15.67000000,15.88000000,8405.50000000,1785787199999,133293.26090000,757
1785787200000,15.89000000,16.25000000,15.82000000,16.24000000,2790.77000000,1785790799999,44671.11380000,251
1785790800000,16.25000000,16.40000000,16.19000000,16.33000000,1313.25000000,1785794399999,21330.87360000,118
1785794400000,16.35000000,16.68000000,16.35000000,16.60000000,1153.74000000,1785797999999,19019.73210000,181
1785798000000,16.58000000,17.02000000,16.46000000,16.81000000,7114.50000000,1785801599999,118845.71590000,701
1785801600000,16.76000000,16.94000000,15.29000000,15.39000000,107807.20000000,1785805199999,1723389.45460000,4901
1785805200000,15.37000000,16.87000000,15.25000000,16.77000000,54882.28000000,1785808799999,869794.87790000,3019
1785808800000,16.80000000,16.80000000,16.02000000,16.04000000,17968.71000000,1785812399999,293771.29900000,1194
1785812400000,16.00000000,16.15000000,15.61000000,15.80000000,17917.78000000,1785815999999,283254.87350000,863
1785816000000,15.81000000,15.95000000,15.40000000,15.87000000,11997.56000000,1785819599999,188103.48270000,723
1785819600000,15.87000000,16.67000000,15.47000000,16.58000000,35815.24000000,1785823199999,581109.66480000,2082
1785823200000,16.62000000,16.90000000,16.46000000,16.80000000,15430.57000000,1785826799999,257618.26610000,969
1785826800000,16.82000000,17.06000000,16.80000000,16.85000000,6760.57000000,1785830399999,114275.65390000,543
1785830400000,16.85000000,17.18000000,16.78000000,16.87000000,5231.69000000,1785833999999,88753.41130000,469
1785834000000,16.82000000,16.82000000,16.18000000,16.56000000,23400.35000000,1785837599999,386739.37520000,1002
1785837600000,16.58000000,17.20000000,16.53000000,17.02000000,63245.72000000,1785841199999,1066571.22020000,1682
1785841200000,17.04000000,17.88000000,17.04000000,17.87000000,28753.50000000,1785844799999,501670.10090000,1570
1785844800000,17.86000000,17.91000000,17.52000000,17.60000000,9010.79000000,1785848399999,159331.78020000,842
1785848400000,17.60000000,18.63000000,17.53000000,18.22000000,43392.03000000,1785851999999,785849.20540000,2290
1785852000000,18.20000000,18.47000000,17.98000000,18.28000000,25745.80000000,1785855599999,469491.79710000,1474
1785855600000,18.30000000,19.00000000,18.30000000,18.70000000,8089.74000000,1785859199999,151948.88860000,525
1785859200000,18.71000000,18.97000000,18.70000000,18.91000000,2293.78000000,1785862799999,43246.04540000,275
1785862800000,18.91000000,19.22000000,18.91000000,19.14000000,5008.86000000,1785866399999,95453.53190000,312
1785866400000,19.15000000,19.57000000,19.09000000,19.23000000,3082.80000000,1785869999999,59565.25700000,468
1785870000000,19.26000000,19.40000000,19.11000000,19.14000000,6667.72000000,1785873599999,128528.91040000,1024
1785873600000,19.14000000,19.41000000,18.62000000,18.81000000,12796.18000000,1785877199999,241673.20500000,1554
1785877200000,18.80000000,18.96000000,18.61000000,18.68000000,7349.97000000,1785880799999,138050.40790000,974
1785880800000,18.66000000,18.78000000,18.50000000,18.74000000,8295.72000000,1785884399999,154253.61270000,881
1785884400000,18.68000000,18.86000000,18.54000000,18.80000000,3769.32000000,1785887999999,70724.07080000,490
1785888000000,18.82000000,19.34000000,18.70000000,18.92000000,24233.77000000,1785891599999,460368.49110000,2088
1785891600000,18.90000000,19.24000000,18.34000000,19.11000000,30492.79000000,1785895199999,571647.30460000,1992
1785895200000,19.12000000,19.33000000,18.61000000,18.87000000,9540.03000000,1785898799999,181023.15210000,851
1785898800000,18.88000000,19.29000000,18.87000000,19.22000000,5528.07000000,1785902399999,105852.67810000,519
1785902400000,19.22000000,19.30000000,18.83000000,19.12000000,4026.34000000,1785905999999,76938.92130000,627
1785906000000,19.10000000,19.38000000,18.97000000,19.18000000,8485.81000000,1785909599999,162527.12540000,801
1785909600000,19.16000000,19.33000000,18.67000000,18.77000000,9763.12000000,1785913199999,185302.36420000,669
1785913200000,18.79000000,18.83000000,18.41000000,18.57000000,9544.07000000,1785916799999,178133.65440000,982
1785916800000,18.55000000,18.64000000,17.79000000,18.07000000,14663.73000000,1785920399999,265163.92070000,1005
1785920400000,18.04000000,18.28000000,17.89000000,18.12000000,6375.08000000,1785923999999,115257.67260000,703
1785924000000,18.11000000,18.16000000,17.73000000,17.94000000,10931.33000000,1785927599999,195842.68300000,490
1785927600000,17.94000000,18.50000000,17.90000000,18.33000000,17411.30000000,1785931199999,317531.45090000,701
1785931200000,18.32000000,18.48000000,18.11000000,18.31000000,6660.52000000,1785934799999,122083.80720000,493
1785934800000,18.34000000,19.33000000,18.09000000,19.25000000,53065.21000000,1785938399999,990419.30980000,2877
1785938400000,19.25000000,19.25000000,18.33000000,18.71000000,33578.97000000,1785941999999,628803.20190000,2716
1785942000000,18.72000000,19.04000000,18.38000000,18.44000000,12093.84000000,1785945599999,226460.31490000,1050
1785945600000,18.44000000,19.09000000,18.44000000,18.84000000,10838.78000000,1785949199999,203929.26790000,1336
1785949200000,18.86000000,19.01000000,18.56000000,18.97000000,5989.98000000,1785952799999,112528.81460000,1253
1785952800000,19.00000000,19.04000000,18.73000000,18.89000000,7561.30000000,1785956399999,142833.67390000,1344
1785956400000,18.88000000,19.09000000,18.38000000,18.44000000,7895.62000000,1785959999999,148862.10950000,1096
1785960000000,18.43000000,18.58000000,17.92000000,18.36000000,23110.65000000,1785963599999,423160.94450000,1607
1785963600000,18.37000000,18.49000000,17.99000000,18.09000000,19016.51000000,1785967199999,344385.90370000,692
1785967200000,18.09000000,18.47000000,18.09000000,18.24000000,9514.72000000,1785970799999,173634.32310000,450
1785970800000,18.19000000,18.35000000,17.83000000,17.93000000,9553.67000000,1785974399999,171758.10700000,487
1785974400000,17.94000000,18.63000000,17.19000000,17.32000000,51511.47000000,1785977999999,915181.04460000,2600
1785978000000,17.29000000,17.32000000,16.53000000,16.85000000,108173.42000000,1785981599999,1825554.18060000,5372
1785981600000,16.84000000,17.31000000,16.78000000,17.12000000,38430.45000000,1785985199999,654217.20250000,2611
1785985200000,17.14000000,17.34000000,16.79000000,16.97000000,17098.54000000,1785988799999,290404.51910000,1176
1785988800000,16.94000000,17.11000000,16.69000000,17.06000000,19556.66000000,1785992399999,330287.41510000,1290
1785992400000,17.06000000,17.25000000,16.58000000,16.83000000,28377.57000000,1785995999999,483665.80330000,1893
1785996000000,16.80000000,16.80000000,16.51000000,16.62000000,19540.89000000,1785999599999,325168.05970000,1631
1785999600000,16.60000000,16.82000000,16.54000000,16.55000000,23744.60000000,1786003199999,396196.60460000,1484
1786003200000,16.54000000,16.80000000,16.28000000,16.66000000,58919.23000000,1786006799999,975901.91140000,3968
1786006800000,16.67000000,16.68000000,16.21000000,16.61000000,49145.33000000,1786010399999,807685.07320000,2511
1786010400000,16.62000000,16.79000000,16.19000000,16.35000000,42473.67000000,1786013999999,704652.83300000,1880
1786014000000,16.36000000,16.67000000,15.99000000,16.53000000,82522.14000000,1786017599999,1344774.43650000,3700
1786017600000,16.52000000,16.56000000,16.04000000,16.33000000,50571.40000000,1786021199999,826179.30980000,2374
1786021200000,16.34000000,17.09000000,15.56000000,17.06000000,159789.82000000,1786024799999,2598075.74510000,7873
1786024800000,17.07000000,17.95000000,16.89000000,17.70000000,36744.34000000,1786028399999,638243.29440000,3677
1786028400000,17.72000000,18.05000000,17.12000000,17.16000000,15005.42000000,1786031999999,263146.03280000,1321
1786032000000,17.18000000,17.32000000,16.86000000,17.22000000,21712.89000000,1786035599999,370447.03450000,1626
1786035600000,17.22000000,17.31000000,17.06000000,17.20000000,8215.35000000,1786039199999,141244.09990000,784
1786039200000,17.21000000,17.30000000,16.90000000,16.97000000,19230.57000000,1786042799999,327923.45810000,1233
1786042800000,16.98000000,17.22000000,16.73000000,16.79000000,22311.37000000,1786046399999,377956.44290000,1844
1786046400000,16.78000000,17.13000000,16.71000000,17.10000000,13404.37000000,1786049999999,226936.99680000,723
1786050000000,17.12000000,17.28000000,17.06000000,17.23000000,3474.59000000,1786053599999,59716.21400000,462
1786053600000,17.22000000,17.50000000,17.20000000,17.47000000,4895.63000000,1786057199999,84849.41690000,561
1786057200000,17.46000000,17.46000000,16.65000000,17.12000000,14292.96000000,1786060799999,243829.08430000,1121
1786060800000,17.12000000,17.51000000,16.50000000,17.08000000,84702.83000000,1786064399999,1427733.95260000,5315
1786064400000,17.09000000,17.20000000,15.83000000,16.20000000,83381.62000000,1786067999999,1360624.46220000,3926
1786068000000,16.18000000,16.53000000,16.12000000,16.39000000,26693.31000000,1786071599999,435752.40780000,1572
1786071600000,16.37000000,16.56000000,16.14000000,16.14000000,16960.40000000,1786075199999,276675.22670000,1037
1786075200000,16.15000000,16.52000000,16.06000000,16.29000000,14938.89000000,1786078799999,243651.26280000,1014
1786078800000,16.30000000,16.60000000,16.26000000,16.44000000,7644.60000000,1786082399999,125956.53660000,530
1786082400000,16.44000000,16.79000000,16.38000000,16.68000000,10832.53000000,1786085999999,180269.28670000,649
1786086000000,16.70000000,17.04000000,16.67000000,17.03000000,8805.26000000,1786089599999,148856.07150000,484
1786089600000,16.99000000,17.43000000,16.98000000,17.30000000,10417.85000000,1786093199999,179961.33980000,615
1786093200000,17.34000000,17.54000000,17.17000000,17.17000000,8926.43000000,1786096799999,155289.02440000,613
1786096800000,17.18000000,17.21000000,17.01000000,17.01000000,6664.31000000,1786100399999,114273.98790000,355
1786100400000,17.06000000,17.33000000,17.04000000,17.20000000,6515.50000000,1786103999999,112015.43630000,371
1786104000000,17.20000000,18.44000000,17.15000000,18.24000000,118297.73000000,1786107599999,2129280.70280000,6063
1786107600000,18.26000000,18.28000000,16.83000000,16.99000000,118858.96000000,1786111199999,2136640.29530000,6123
1786111200000,16.94000000,16.99000000,16.06000000,16.31000000,91842.58000000,1786114799999,1511766.62650000,5114
1786114800000,16.32000000,17.00000000,16.28000000,16.87000000,69448.06000000,1786118399999,1169064.44900000,3651
1786118400000,16.86000000,17.05000000,16.48000000,16.84000000,37615.92000000,1786121999999,634889.95610000,1701
1786122000000,16.84000000,16.94000000,16.79000000,16.83000000,25340.31000000,1786125599999,426898.28930000,1276
1786125600000,16.83000000,16.89000000,16.64000000,16.88000000,24677.58000000,1786129199999,413317.91990000,1016
1786129200000,16.90000000,17.46000000,16.90000000,17.40000000,53080.26000000,1786132799999,914191.06110000,1791
1786132800000,17.35000000,17.35000000,17.17000000,17.23000000,1687.20000000,1786136399999,29092.79270000,106
1786136400000,17.23000000,17.27000000,17.16000000,17.23000000,3191.35000000,1786139999999,54927.49960000,121
1786140000000,17.20000000,17.25000000,17.18000000,17.19000000,1040.04000000,1786143599999,17896.50270000,57
1786143600000,17.18000000,17.28000000,17.16000000,17.24000000,1750.36000000,1786147199999,30094.16020000,99
1786147200000,17.23000000,17.30000000,17.16000000,17.19000000,1200.66000000,1786150799999,20683.42840000,73
1786150800000,17.18000000,17.23000000,17.15000000,17.22000000,563.52000000,1786154399999,9689.47590000,38
1786154400000,17.22000000,17.24000000,17.18000000,17.18000000,704.98000000,1786157999999,12124.39550000,45
1786158000000,17.19000000,17.19000000,17.16000000,17.18000000,226.58000000,1786161599999,3892.17710000,9
1786161600000,17.21000000,17.22000000,17.09000000,17.09000000,871.53000000,1786165199999,14952.20560000,42
1786165200000,17.08000000,17.13000000,16.94000000,17.01000000,1323.56000000,1786168799999,22560.77610000,146
1786168800000,17.01000000,17.06000000,17.00000000,17.00000000,174.00000000,1786172399999,2959.60470000,21
1786172400000,17.00000000,17.02000000,16.95000000,17.00000000,1450.81000000,1786175999999,24644.85220000,107
1786176000000,16.98000000,17.02000000,16.96000000,17.00000000,366.29000000,1786179599999,6222.84820000,49
1786179600000,16.98000000,17.01000000,16.98000000,16.98000000,270.21000000,1786183199999,4590.21820000,17
1786183200000,16.96000000,17.03000000,16.96000000,17.00000000,365.58000000,1786186799999,6218.11910000,29
1786186800000,17.01000000,17.11000000,17.01000000,17.08000000,916.58000000,1786190399999,15654.10520000,56
1786190400000,17.07000000,17.11000000,17.05000000,17.11000000,331.78000000,1786193999999,5666.56600000,25
1786194000000,17.12000000,17.36000000,17.12000000,17.24000000,5748.36000000,1786197599999,99277.07810000,1205
1786197600000,17.26000000,17.28000000,17.24000000,17.27000000,637.64000000,1786201199999,11007.51030000,51
1786201200000,17.28000000,17.34000000,17.26000000,17.31000000,978.36000000,1786204799999,16918.44210000,77
1786204800000,17.30000000,17.37000000,17.30000000,17.36000000,291.32000000,1786208399999,5047.83970000,26
1786208400000,17.38000000,17.42000000,17.34000000,17.36000000,496.23000000,1786211999999,8626.21960000,33
1786212000000,17.37000000,17.42000000,17.36000000,17.40000000,587.92000000,1786215599999,10224.63680000,53
1786215600000,17.42000000,17.55000000,17.42000000,17.52000000,3364.40000000,1786219199999,58867.79140000,239
1786219200000,17.50000000,17.55000000,17.48000000,17.54000000,108.82000000,1786222799999,1904.53760000,24
1786222800000,17.56000000,17.57000000,17.39000000,17.42000000,1311.88000000,1786226399999,22936.72630000,107
1786226400000,17.43000000,17.52000000,17.43000000,17.46000000,1700.10000000,1786229999999,29696.45050000,167
1786230000000,17.46000000,17.47000000,17.37000000,17.37000000,309.31000000,1786233599999,5391.93350000,42
1786233600000,17.39000000,17.39000000,17.31000000,17.36000000,657.15000000,1786237199999,11409.05440000,93
1786237200000,17.38000000,17.39000000,17.21000000,17.23000000,859.10000000,1786240799999,14855.57060000,83
1786240800000,17.24000000,17.29000000,17.23000000,17.25000000,1773.27000000,1786244399999,30593.01860000,91
1786244400000,17.26000000,17.28000000,17.22000000,17.28000000,373.66000000,1786247999999,6442.56120000,24
1786248000000,17.29000000,17.32000000,17.25000000,17.29000000,526.07000000,1786251599999,9096.92940000,37
1786251600000,17.29000000,17.32000000,17.28000000,17.30000000,603.20000000,1786255199999,10436.91280000,35
1786255200000,17.29000000,17.43000000,17.29000000,17.38000000,1781.03000000,1786258799999,30937.81620000,100
1786258800000,17.36000000,17.36000000,17.28000000,17.28000000,835.45000000,1786262399999,14471.42500000,68
1786262400000,17.30000000,17.31000000,17.20000000,17.22000000,934.77000000,1786265999999,16128.00460000,146
1786266000000,17.22000000,17.25000000,17.20000000,17.25000000,742.54000000,1786269599999,12780.44700000,43
1786269600000,17.25000000,17.25000000,17.22000000,17.24000000,419.78000000,1786273199999,7235.99790000,35
1786273200000,17.24000000,17.31000000,17.23000000,17.30000000,481.41000000,1786276799999,8313.76580000,38
1786276800000,17.32000000,17.39000000,17.31000000,17.38000000,1077.29000000,1786280399999,18690.79580000,66
1786280400000,17.39000000,17.48000000,17.36000000,17.36000000,4145.60000000,1786283999999,72268.55200000,293
1786284000000,17.39000000,17.44000000,17.38000000,17.42000000,1560.93000000,1786287599999,27175.88400000,103
1786287600000,17.44000000,17.47000000,17.38000000,17.41000000,3592.52000000,1786291199999,62561.98080000,199
1786291200000,17.42000000,17.47000000,17.42000000,17.47000000,710.08000000,1786294799999,12381.94890000,51
1786294800000,17.48000000,17.60000000,17.46000000,17.58000000,3030.24000000,1786298399999,53208.25090000,265
1786298400000,17.58000000,17.70000000,17.58000000,17.63000000,2525.51000000,1786301999999,44600.53660000,192
1786302000000,17.64000000,17.69000000,17.63000000,17.65000000,307.56000000,1786305599999,5431.72670000,34
1786305600000,17.68000000,17.70000000,17.66000000,17.66000000,701.33000000,1786309199999,12408.34570000,35
1786309200000,17.66000000,17.66000000,17.46000000,17.63000000,2038.79000000,1786312799999,35870.68280000,293
1786312800000,17.66000000,17.70000000,17.32000000,17.46000000,5295.81000000,1786316399999,92580.55000000,1022
1786316400000,17.48000000,17.60000000,17.33000000,17.46000000,2365.14000000,1786319999999,41295.46870000,268
1786320000000,17.42000000,17.88000000,16.99000000,17.09000000,50715.67000000,1786323599999,882385.20970000,2880
1786323600000,17.11000000,17.30000000,16.83000000,16.97000000,30746.79000000,1786327199999,525018.22400000,3161
1786327200000,16.97000000,17.18000000,16.77000000,17.01000000,9913.85000000,1786330799999,168083.04240000,912
1786330800000,17.05000000,17.08000000,16.90000000,16.94000000,7134.56000000,1786334399999,121185.44530000,442
1786334400000,16.98000000,17.05000000,16.52000000,16.58000000,6693.48000000,1786337999999,112198.12580000,633
1786338000000,16.58000000,17.09000000,16.58000000,16.93000000,9609.96000000,1786341599999,162412.82280000,1030
1786341600000,16.88000000,16.99000000,16.81000000,16.89000000,6015.42000000,1786345199999,101556.25380000,458
1786345200000,16.92000000,17.02000000,16.89000000,16.97000000,2485.42000000,1786348799999,42167.27230000,266
1786348800000,16.96000000,17.16000000,16.86000000,16.87000000,5334.40000000,1786352399999,90600.01990000,479
1786352400000,16.87000000,16.87000000,16.58000000,16.72000000,5878.53000000,1786355999999,98073.44450000,438
1786356000000,16.72000000,16.77000000,16.57000000,16.67000000,2635.11000000,1786359599999,43957.90590000,210
1786359600000,16.66000000,16.72000000,16.36000000,16.55000000,14297.57000000,1786363199999,235856.37450000,966
1786363200000,16.55000000,16.56000000,16.14000000,16.21000000,6765.98000000,1786366799999,110399.58250000,526
1786366800000,16.20000000,16.70000000,16.14000000,16.57000000,43276.89000000,1786370399999,711396.84790000,3647
1786370400000,16.56000000,17.00000000,16.44000000,16.44000000,7762.02000000,1786373999999,129360.46530000,859
1786374000000,16.47000000,16.82000000,16.38000000,16.78000000,4647.89000000,1786377599999,76951.59630000,531
1786377600000,16.76000000,16.84000000,16.48000000,16.63000000,8878.44000000,1786381199999,147841.07320000,473
1786381200000,16.62000000,16.78000000,16.52000000,16.56000000,1098.50000000,1786384799999,18325.08100000,156
1786384800000,16.60000000,16.69000000,16.53000000,16.69000000,319.01000000,1786388399999,5299.37620000,66
1786388400000,16.70000000,16.70000000,16.38000000,16.45000000,1702.69000000,1786391999999,28111.69730000,121
1786392000000,16.46000000,16.59000000,16.42000000,16.56000000,1655.86000000,1786395599999,27333.01210000,173
1786395600000,16.57000000,16.70000000,16.54000000,16.68000000,2322.37000000,1786399199999,38667.70520000,377
1786399200000,16.66000000,16.70000000,16.52000000,16.61000000,1864.22000000,1786402799999,31010.99530000,202
1786402800000,16.54000000,16.54000000,16.34000000,16.47000000,7378.81000000,1786406399999,121363.24190000,674
1786406400000,16.48000000,16.72000000,16.16000000,16.62000000,83878.62000000,1786409999999,1370733.73810000,5754
1786410000000,16.63000000,17.37000000,16.42000000,17.06000000,38786.28000000,1786413599999,658576.37680000,2555
1786413600000,17.04000000,17.22000000,16.84000000,17.11000000,15594.78000000,1786417199999,265025.19680000,796
1786417200000,17.12000000,17.39000000,17.08000000,17.28000000,13009.31000000,1786420799999,224646.51640000,770
1786420800000,17.29000000,17.53000000,17.29000000,17.32000000,11085.87000000,1786424399999,193063.81640000,627
1786424400000,17.33000000,17.45000000,17.08000000,17.16000000,7191.84000000,1786427999999,124221.00100000,439
1786428000000,17.17000000,17.19000000,16.79000000,16.86000000,5619.91000000,1786431599999,95451.78480000,351
1786431600000,16.85000000,17.02000000,16.82000000,16.93000000,8255.28000000,1786435199999,140088.20020000,460
1786435200000,16.94000000,17.09000000,16.70000000,16.79000000,15098.68000000,1786438799999,255327.22940000,1101
1786438800000,16.78000000,16.95000000,16.62000000,16.91000000,1177.06000000,1786442399999,19789.71510000,140
1786442400000,16.89000000,17.19000000,16.82000000,17.15000000,2105.60000000,1786445999999,35683.50310000,150
1786446000000,17.16000000,17.57000000,17.16000000,17.34000000,9869.81000000,1786449599999,171667.33490000,829
1786449600000,17.32000000,17.57000000,17.27000000,17.42000000,7940.97000000,1786453199999,138501.59600000,474
1786453200000,17.42000000,17.97000000,17.37000000,17.76000000,38603.12000000,1786456799999,681870.70000000,2615
1786456800000,17.75000000,18.08000000,17.68000000,17.95000000,14630.50000000,1786460399999,260969.81240000,1367
1786460400000,17.96000000,18.04000000,17.53000000,17.58000000,13579.40000000,1786463999999,242202.67390000,1026
1786464000000,17.61000000,17.82000000,17.54000000,17.58000000,6275.47000000,1786467599999,110715.18710000,339
1786467600000,17.58000000,17.58000000,17.18000000,17.44000000,4391.34000000,1786471199999,76086.51130000,320
1786471200000,17.43000000,17.48000000,17.25000000,17.42000000,8780.12000000,1786474799999,152466.61680000,565
1786474800000,17.44000000,17.68000000,17.34000000,17.68000000,5011.96000000,1786478399999,87665.93020000,333
1786478400000,17.64000000,17.89000000,17.61000000,17.77000000,5707.62000000,1786481999999,101025.89170000,264
1786482000000,17.76000000,17.81000000,17.71000000,17.71000000,1179.66000000,1786485599999,20958.12220000,102
1786485600000,17.71000000,17.92000000,17.71000000,17.91000000,1790.62000000,1786489199999,31828.04400000,122
1786489200000,17.88000000,17.99000000,17.77000000,17.83000000,3585.42000000,1786492799999,64092.22930000,216
1786492800000,17.82000000,18.20000000,17.64000000,18.00000000,33440.03000000,1786496399999,602136.72020000,2166
1786496400000,18.01000000,18.62000000,17.99000000,18.57000000,35033.23000000,1786499999999,644857.06270000,2121
1786500000000,18.60000000,18.95000000,18.43000000,18.85000000,58614.49000000,1786503599999,1101053.60660000,3520
1786503600000,18.87000000,19.16000000,18.86000000,18.94000000,104660.22000000,1786507199999,1994862.53980000,4044
1786507200000,18.96000000,19.06000000,18.66000000,18.79000000,9025.15000000,1786510799999,170726.74730000,511
1786510800000,18.82000000,18.85000000,18.54000000,18.76000000,10079.70000000,1786514399999,188964.13790000,509
1786514400000,18.76000000,18.84000000,18.61000000,18.66000000,2510.89000000,1786517999999,46957.96710000,206
1786518000000,18.68000000,18.80000000,18.64000000,18.79000000,5085.73000000,1786521599999,95301.98610000,137
1786521600000,18.81000000,19.11000000,18.60000000,19.04000000,10629.88000000,1786525199999,200548.55850000,376
1786525200000,19.04000000,19.40000000,19.04000000,19.13000000,9509.67000000,1786528799999,182764.61750000,415
1786528800000,19.13000000,19.22000000,19.00000000,19.07000000,6697.87000000,1786532399999,128031.44170000,178
1786532400000,19.11000000,19.33000000,18.98000000,19.31000000,4296.95000000,1786535999999,82220.87530000,153
1786536000000,19.35000000,19.87000000,18.91000000,19.83000000,34783.26000000,1786539599999,676922.20470000,1628
1786539600000,19.85000000,20.28000000,19.65000000,20.00000000,22683.90000000,1786543199999,453571.48210000,1060
1786543200000,19.96000000,20.26000000,19.80000000,19.95000000,14136.88000000,1786546799999,283780.44180000,661
1786546800000,19.89000000,20.26000000,19.89000000,19.97000000,6926.84000000,1786550399999,139674.14610000,410
1786550400000,19.98000000,20.07000000,19.74000000,19.98000000,3486.01000000,1786553999999,69601.47210000,148
1786554000000,20.04000000,20.28000000,19.95000000,20.15000000,684.37000000,1786557599999,13771.24200000,138
1786557600000,20.15000000,20.25000000,20.07000000,20.07000000,975.40000000,1786561199999,19645.73020000,87
1786561200000,20.10000000,20.36000000,20.10000000,20.32000000,3456.33000000,1786564799999,69894.97890000,192
1786564800000,20.39000000,20.48000000,20.30000000,20.32000000,1419.19000000,1786568399999,28929.73680000,101
1786568400000,20.35000000,20.47000000,20.27000000,20.39000000,2917.73000000,1786571999999,59439.57100000,179
1786572000000,20.37000000,20.48000000,20.23000000,20.35000000,15137.74000000,1786575599999,308275.11600000,717
1786575600000,20.34000000,20.77000000,20.31000000,20.60000000,4500.73000000,1786579199999,92330.02280000,337
1786579200000,20.55000000,21.30000000,20.43000000,20.74000000,56931.27000000,1786582799999,1197466.87440000,2312
1786582800000,20.73000000,20.98000000,20.58000000,20.83000000,12438.97000000,1786586399999,258646.28870000,680
1786586400000,20.84000000,20.90000000,20.46000000,20.74000000,11285.51000000,1786589999999,232638.11840000,627
1786590000000,20.78000000,20.90000000,20.62000000,20.85000000,21000.50000000,1786593599999,434886.57160000,881
1786593600000,20.82000000,21.01000000,20.51000000,20.70000000,10928.45000000,1786597199999,226106.84270000,700
1786597200000,20.71000000,20.82000000,20.19000000,20.19000000,15599.17000000,1786600799999,317883.34910000,925
1786600800000,20.19000000,20.31000000,20.06000000,20.07000000,12340.04000000,1786604399999,248984.39950000,681
1786604400000,20.07000000,20.12000000,19.85000000,19.98000000,15474.37000000,1786607999999,308743.56020000,710
1786608000000,19.98000000,20.01000000,19.60000000,19.86000000,25126.19000000,1786611599999,496424.77970000,996
1786611600000,19.84000000,19.92000000,19.59000000,19.92000000,7666.91000000,1786615199999,151066.06280000,257
1786615200000,19.93000000,19.98000000,19.83000000,19.94000000,5725.18000000,1786618799999,113953.04550000,198
1786618800000,19.94000000,20.10000000,19.94000000,19.98000000,1973.27000000,1786622399999,39499.54030000,115
1786622400000,19.95000000,20.22000000,19.68000000,20.19000000,9019.99000000,1786625999999,180407.18480000,404
1786626000000,20.22000000,20.93000000,20.03000000,20.90000000,20891.79000000,1786629599999,429298.35800000,1129
1786629600000,20.85000000,21.45000000,20.81000000,21.15000000,9967.19000000,1786633199999,210648.98810000,657
1786633200000,21.12000000,22.07000000,21.10000000,21.32000000,25448.36000000,1786636799999,551517.76110000,1571
1786636800000,21.34000000,21.76000000,21.33000000,21.70000000,2127.26000000,1786640399999,45780.45340000,216
1786640400000,21.72000000,21.87000000,21.62000000,21.62000000,2078.39000000,1786643999999,45185.58850000,143
1786644000000,21.62000000,21.66000000,21.48000000,21.53000000,2750.98000000,1786647599999,59424.48120000,200
1786647600000,21.53000000,21.63000000,21.06000000,21.29000000,3279.46000000,1786651199999,69533.86520000,190
1786651200000,21.33000000,21.65000000,21.21000000,21.63000000,3085.02000000,1786654799999,66322.08330000,202
1786654800000,21.59000000,21.69000000,21.48000000,21.62000000,3163.15000000,1786658399999,68140.87160000,328
1786658400000,21.63000000,21.96000000,21.56000000,21.89000000,1783.90000000,1786661999999,38926.02390000,146
1786662000000,21.85000000,22.05000000,21.78000000,21.96000000,2414.60000000,1786665599999,52907.21270000,200
1786665600000,21.95000000,22.18000000,21.27000000,21.34000000,16051.06000000,1786669199999,348592.21210000,942
1786669200000,21.33000000,21.36000000,20.77000000,21.12000000,15601.71000000,1786672799999,328617.54220000,1030
1786672800000,21.15000000,21.48000000,21.12000000,21.17000000,9845.81000000,1786676399999,209770.64930000,512
1786676400000,21.19000000,21.47000000,21.09000000,21.33000000,13003.92000000,1786679999999,278283.72040000,530
1786680000000,21.30000000,21.73000000,21.20000000,21.47000000,7977.63000000,1786683599999,171581.46380000,440
1786683600000,21.45000000,21.82000000,21.21000000,21.80000000,21775.37000000,1786687199999,471831.74970000,1091
1786687200000,21.81000000,21.81000000,21.53000000,21.69000000,14621.48000000,1786690799999,317279.82690000,828
1786690800000,21.70000000,21.80000000,21.63000000,21.78000000,7010.55000000,1786694399999,152188.99550000,497
1786694400000,21.78000000,22.09000000,21.72000000,21.94000000,11470.78000000,1786697999999,251466.04310000,526
1786698000000,21.94000000,22.26000000,21.82000000,22.26000000,11368.27000000,1786701599999,250208.47240000,516
1786701600000,22.29000000,22.49000000,22.28000000,22.38000000,6728.79000000,1786705199999,150791.66520000,295
1786705200000,22.41000000,22.78000000,22.40000000,22.56000000,4966.65000000,1786708799999,112507.63870000,364
1786708800000,22.61000000,22.80000000,22.22000000,22.74000000,6386.11000000,1786712399999,143786.28740000,686
1786712400000,22.72000000,22.72000000,21.90000000,22.37000000,17761.51000000,1786715999999,397100.65020000,1132
1786716000000,22.38000000,22.96000000,22.04000000,22.17000000,11131.09000000,1786719599999,250277.46760000,750
1786719600000,22.19000000,22.29000000,21.24000000,21.48000000,12843.95000000,1786723199999,278555.47750000,623
1786723200000,21.49000000,21.67000000,21.39000000,21.48000000,1429.16000000,1786726799999,30789.15940000,142
1786726800000,21.54000000,21.60000000,21.39000000,21.52000000,804.64000000,1786730399999,17305.57170000,86
1786730400000,21.50000000,21.69000000,21.50000000,21.54000000,289.12000000,1786733999999,6239.46990000,57
1786734000000,21.51000000,21.71000000,21.35000000,21.60000000,4014.78000000,1786737599999,86670.74140000,292
1786737600000,21.65000000,21.66000000,21.54000000,21.60000000,1218.64000000,1786741199999,26363.77970000,80
1786741200000,21.63000000,21.72000000,21.62000000,21.69000000,1438.98000000,1786744799999,31155.15050000,94
1786744800000,21.71000000,21.78000000,21.68000000,21.74000000,842.86000000,1786748399999,18314.56740000,71
1786748400000,21.74000000,21.87000000,21.70000000,21.74000000,699.30000000,1786751999999,15226.35160000,116
1786752000000,21.75000000,21.78000000,21.64000000,21.71000000,546.87000000,1786755599999,11861.23830000,61
1786755600000,21.68000000,21.71000000,21.66000000,21.66000000,214.45000000,1786759199999,4648.74560000,31
1786759200000,21.67000000,21.67000000,21.61000000,21.63000000,221.40000000,1786762799999,4792.60780000,20
1786762800000,21.61000000,21.63000000,21.58000000,21.58000000,252.39000000,1786766399999,5452.66220000,24
1786766400000,21.57000000,21.65000000,21.57000000,21.64000000,755.03000000,1786769999999,16313.44710000,67
1786770000000,21.64000000,21.66000000,21.59000000,21.59000000,125.73000000,1786773599999,2718.08750000,15
1786773600000,21.62000000,21.63000000,21.58000000,21.63000000,13.64000000,1786777199999,294.54680000,5
1786777200000,21.64000000,21.68000000,21.64000000,21.65000000,269.71000000,1786780799999,5840.16210000,40
1786780800000,21.64000000,21.69000000,21.61000000,21.65000000,10757.97000000,1786784399999,232724.31880000,544
1786784400000,21.64000000,21.65000000,21.62000000,21.65000000,672.99000000,1786787999999,14563.14860000,77
1786788000000,21.66000000,21.67000000,21.63000000,21.66000000,765.76000000,1786791599999,16587.63620000,47
1786791600000,21.66000000,21.66000000,21.62000000,21.65000000,153.21000000,1786795199999,3316.27460000,27
1786795200000,21.67000000,21.67000000,21.63000000,21.67000000,201.69000000,1786798799999,4368.00410000,44
1786798800000,21.65000000,21.69000000,21.62000000,21.65000000,1288.96000000,1786802399999,27916.95300000,69
1786802400000,21.66000000,21.76000000,21.66000000,21.76000000,930.86000000,1786805999999,20213.46390000,66
1786806000000,21.77000000,21.80000000,21.71000000,21.75000000,226.40000000,1786809599999,4925.06860000,29
1786809600000,21.72000000,21.76000000,21.72000000,21.76000000,47.84000000,1786813199999,1040.38010000,12
1786813200000,21.76000000,21.78000000,21.75000000,21.77000000,197.84000000,1786816799999,4306.99630000,30
1786816800000,21.79000000,21.80000000,21.77000000,21.78000000,179.36000000,1786820399999,3908.64060000,31
1786820400000,21.79000000,21.82000000,21.79000000,21.82000000,1.41000000,1786823999999,30.75120000,2
1786824000000,21.79000000,21.81000000,21.78000000,21.81000000,45.40000000,1786827599999,989.06600000,7
1786827600000,21.79000000,21.82000000,21.64000000,21.81000000,1088.95000000,1786831199999,23684.12970000,91
1786831200000,21.81000000,21.84000000,21.75000000,21.83000000,832.16000000,1786834799999,18138.76410000,41
1786834800000,21.84000000,21.86000000,21.78000000,21.83000000,127.18000000,1786838399999,2778.12340000,20
1786838400000,21.85000000,21.88000000,21.85000000,21.88000000,87.29000000,1786841999999,1908.54710000,24
1786842000000,21.89000000,21.92000000,21.86000000,21.88000000,36.93000000,1786845599999,808.66140000,14
1786845600000,21.93000000,21.96000000,21.86000000,21.88000000,85.21000000,1786849199999,1863.64310000,18
1786849200000,21.88000000,22.11000000,21.88000000,22.06000000,622.93000000,1786852799999,13713.09550000,97
1786852800000,22.09000000,22.32000000,22.04000000,22.20000000,3129.01000000,1786856399999,69442.27040000,271
1786856400000,22.23000000,22.32000000,22.17000000,22.31000000,690.56000000,1786859999999,15355.45210000,88
1786860000000,22.27000000,22.38000000,22.26000000,22.31000000,814.29000000,1786863599999,18171.33170000,115
1786863600000,22.33000000,22.38000000,22.21000000,22.32000000,731.84000000,1786867199999,16320.90070000,124
1786867200000,22.30000000,22.32000000,22.29000000,22.31000000,159.10000000,1786870799999,3548.61380000,20
1786870800000,22.31000000,22.31000000,22.21000000,22.22000000,179.92000000,1786874399999,4000.72960000,24
1786874400000,22.21000000,22.21000000,22.14000000,22.18000000,157.79000000,1786877999999,3500.81340000,32
1786878000000,22.18000000,22.25000000,22.06000000,22.25000000,925.20000000,1786881599999,20490.87230000,120
1786881600000,22.18000000,22.24000000,22.04000000,22.04000000,698.15000000,1786885199999,15468.95260000,112
1786885200000,22.05000000,22.11000000,22.00000000,22.02000000,876.00000000,1786888799999,19306.61200000,132
1786888800000,21.99000000,22.06000000,21.97000000,22.00000000,675.19000000,1786892399999,14870.68200000,95
1786892400000,22.01000000,22.10000000,22.01000000,22.05000000,278.83000000,1786895999999,6148.61440000,44
1786896000000,22.00000000,22.10000000,21.99000000,22.03000000,104.13000000,1786899599999,2294.21460000,23
1786899600000,22.02000000,22.10000000,22.02000000,22.10000000,178.96000000,1786903199999,3949.45980000,20
1786903200000,22.09000000,22.14000000,22.08000000,22.10000000,89.83000000,1786906799999,1985.97510000,25
1786906800000,22.08000000,22.10000000,22.05000000,22.09000000,26.84000000,1786910399999,593.01290000,6
1786910400000,22.09000000,22.10000000,22.05000000,22.05000000,107.39000000,1786913999999,2368.70730000,19
1786914000000,22.06000000,22.11000000,21.98000000,21.98000000,631.94000000,1786917599999,13947.44670000,86
1786917600000,21.98000000,22.05000000,21.90000000,21.93000000,875.66000000,1786921199999,19240.06000000,128
1786921200000,21.90000000,21.91000000,21.83000000,21.88000000,332.33000000,1786924799999,7270.76950000,51
1786924800000,21.88000000,22.05000000,21.75000000,21.92000000,6551.02000000,1786928399999,143608.33730000,356
1786928400000,21.90000000,22.20000000,21.90000000,22.01000000,2452.56000000,1786931999999,54109.82520000,138
1786932000000,22.00000000,22.34000000,22.00000000,22.24000000,4562.44000000,1786935599999,101154.05250000,249
1786935600000,22.23000000,22.61000000,22.22000000,22.59000000,3360.64000000,1786939199999,75349.76890000,221
1786939200000,22.60000000,22.81000000,22.55000000,22.59000000,4827.00000000,1786942799999,109552.76420000,283
1786942800000,22.62000000,23.13000000,22.61000000,23.11000000,9035.54000000,1786946399999,206145.57760000,360
1786946400000,23.12000000,23.35000000,23.09000000,23.22000000,5778.32000000,1786949999999,134159.83940000,359
1786950000000,23.22000000,23.31000000,23.13000000,23.28000000,1154.18000000,1786953599999,26786.18120000,98
1786953600000,23.28000000,23.43000000,23.22000000,23.35000000,1581.24000000,1786957199999,36866.18130000,105
1786957200000,23.31000000,23.34000000,23.21000000,23.29000000,385.10000000,1786960799999,8964.02440000,42
1786960800000,23.28000000,23.51000000,23.28000000,23.49000000,820.91000000,1786964399999,19207.43160000,76
1786964400000,23.48000000,23.56000000,23.19000000,23.28000000,748.85000000,1786967999999,17487.04680000,92
1786968000000,23.23000000,23.28000000,22.95000000,23.17000000,2143.38000000,1786971599999,49550.23380000,192
1786971600000,23.17000000,24.14000000,23.01000000,24.14000000,20180.26000000,1786975199999,472911.92660000,1045
1786975200000,24.15000000,25.11000000,24.00000000,25.04000000,4822.60000000,1786978799999,117605.17440000,548
1786978800000,25.04000000,25.35000000,24.62000000,24.80000000,8921.21000000,1786982399999,223146.59640000,933
1786982400000,24.80000000,24.99000000,24.49000000,24.57000000,566.20000000,1786985999999,14019.02860000,103
1786986000000,24.54000000,24.66000000,23.99000000,24.00000000,821.19000000,1786989599999,19939.10490000,111
1786989600000,23.97000000,23.99000000,23.62000000,23.63000000,236.38000000,1786993199999,5641.75960000,71
1786993200000,23.65000000,23.71000000,23.22000000,23.57000000,7072.88000000,1786996799999,166127.46970000,665
1786996800000,23.55000000,23.79000000,23.31000000,23.52000000,1701.57000000,1787000399999,40046.90160000,253
1787000400000,23.55000000,23.98000000,23.55000000,23.82000000,1456.79000000,1787003999999,34616.65110000,160
1787004000000,23.88000000,24.28000000,23.81000000,24.25000000,1416.79000000,1787007599999,34077.35800000,237
1787007600000,24.26000000,24.26000000,23.27000000,23.58000000,9435.78000000,1787011199999,222644.31580000,1042
1787011200000,23.61000000,24.06000000,23.15000000,23.64000000,40878.19000000,1787014799999,956077.24730000,2908
1787014800000,23.59000000,23.83000000,22.52000000,22.75000000,31592.90000000,1787018399999,721460.83570000,1702
1787018400000,22.78000000,22.98000000,21.31000000,21.77000000,99573.47000000,1787021999999,2178689.02270000,12208
1787022000000,21.75000000,21.90000000,21.10000000,21.45000000,47356.06000000,1787025599999,1012792.73300000,9268
1787025600000,21.43000000,21.77000000,21.21000000,21.71000000,9474.70000000,1787029199999,203271.69660000,1285
1787029200000,21.63000000,21.63000000,20.63000000,20.63000000,37882.62000000,1787032799999,790968.29870000,3471
1787032800000,20.63000000,21.04000000,20.29000000,21.03000000,63406.95000000,1787036399999,1306481.84370000,3482
1787036400000,21.04000000,21.22000000,20.74000000,20.74000000,36171.92000000,1787039999999,758513.64320000,1932
1787040000000,20.74000000,20.82000000,20.20000000,20.33000000,41567.62000000,1787043599999,847687.82100000,2108
1787043600000,20.31000000,20.33000000,19.77000000,20.08000000,26020.66000000,1787047199999,519559.27850000,1519
1787047200000,20.08000000,20.12000000,19.79000000,20.11000000,25046.41000000,1787050799999,499447.13150000,1487
1787050800000,20.11000000,20.34000000,20.03000000,20.19000000,20759.45000000,1787054399999,420084.09070000,1104
1787054400000,20.16000000,20.31000000,20.04000000,20.14000000,4240.28000000,1787057999999,85493.03670000,212
1787058000000,20.16000000,20.53000000,19.52000000,19.87000000,15596.51000000,1787061599999,312865.43510000,1291
1787061600000,19.86000000,20.02000000,18.50000000,18.57000000,14989.66000000,1787065199999,288387.28800000,1222
1787065200000,18.58000000,18.64000000,18.16000000,18.42000000,18421.27000000,1787068799999,338920.42250000,1411
1787068800000,18.44000000,18.74000000,18.02000000,18.51000000,14467.97000000,1787072399999,264856.51130000,894
1787072400000,18.46000000,18.47000000,17.96000000,17.98000000,5083.26000000,1787075999999,92861.49270000,332
1787076000000,17.97000000,18.22000000,17.82000000,18.14000000,5584.59000000,1787079599999,100814.30380000,379
1787079600000,18.12000000,18.39000000,17.83000000,17.89000000,13646.14000000,1787083199999,247664.71950000,862
1787083200000,17.88000000,17.99000000,17.77000000,17.88000000,13980.74000000,1787086799999,250031.21990000,839
1787086800000,17.87000000,17.97000000,17.64000000,17.78000000,16902.21000000,1787090399999,300254.27140000,859
1787090400000,17.79000000,17.96000000,17.55000000,17.57000000,5529.37000000,1787093999999,98443.60500000,430
1787094000000,17.58000000,17.88000000,17.58000000,17.68000000,8445.17000000,1787097599999,149757.19110000,428
1787097600000,17.69000000,17.80000000,16.72000000,17.54000000,93493.36000000,1787101199999,1606484.62410000,3946
1787101200000,17.53000000,18.49000000,17.50000000,18.02000000,47688.68000000,1787104799999,866129.99240000,2802
1787104800000,18.00000000,18.00000000,17.63000000,17.82000000,32132.41000000,1787108399999,572045.37760000,1544
1787108400000,17.86000000,18.02000000,17.73000000,17.80000000,9256.82000000,1787111999999,165682.32720000,526
1787112000000,17.79000000,17.94000000,17.62000000,17.78000000,8176.50000000,1787115599999,145104.20340000,424
1787115600000,17.78000000,18.14000000,17.76000000,17.77000000,23430.63000000,1787119199999,420761.50790000,1272
1787119200000,17.78000000,19.55000000,17.58000000,19.18000000,54048.12000000,1787122799999,1014893.29340000,2820
1787122800000,19.20000000,19.91000000,18.94000000,19.84000000,34434.10000000,1787126399999,665479.10600000,1736
1787126400000,19.89000000,20.18000000,19.74000000,19.98000000,35754.51000000,1787129999999,712256.62290000,2192
1787130000000,20.00000000,20.07000000,19.23000000,19.29000000,11844.52000000,1787133599999,232377.42740000,1250
1787133600000,19.28000000,19.78000000,18.93000000,19.53000000,30146.39000000,1787137199999,582047.46610000,1240
1787137200000,19.52000000,19.72000000,19.11000000,19.28000000,6904.52000000,1787140799999,133967.93990000,335
1787140800000,19.29000000,20.35000000,19.15000000,20.34000000,21174.03000000,1787144399999,422658.66980000,1212
1787144400000,20.30000000,20.41000000,19.01000000,19.33000000,72349.09000000,1787147999999,1433214.96050000,3605
1787148000000,19.29000000,19.51000000,18.64000000,19.32000000,14749.76000000,1787151599999,281281.32710000,1353
1787151600000,19.28000000,19.44000000,18.90000000,19.12000000,4765.54000000,1787155199999,91365.37940000,471
1787155200000,19.12000000,19.30000000,18.94000000,19.20000000,1197.84000000,1787158799999,22898.36870000,151
1787158800000,19.19000000,19.27000000,18.76000000,18.86000000,2677.61000000,1787162399999,50600.24860000,171
1787162400000,18.88000000,19.06000000,18.64000000,18.96000000,2295.57000000,1787165999999,43422.98220000,206
1787166000000,18.92000000,19.20000000,18.86000000,19.12000000,2690.11000000,1787169599999,51194.35920000,236
1787169600000,19.12000000,19.38000000,19.01000000,19.37000000,2006.69000000,1787173199999,38437.32190000,151
1787173200000,19.36000000,19.85000000,19.34000000,19.66000000,12574.46000000,1787176799999,246530.20680000,727
1787176800000,19.68000000,20.02000000,19.67000000,19.97000000,2437.22000000,1787180399999,48457.94710000,182
1787180400000,19.94000000,20.24000000,19.63000000,19.67000000,4796.90000000,1787183999999,95132.13300000,383
1787184000000,19.69000000,20.47000000,19.05000000,20.40000000,20522.02000000,1787187599999,406745.32640000,1257
1787187600000,20.40000000,21.14000000,20.28000000,20.94000000,19551.79000000,1787191199999,405255.84780000,1098
1787191200000,20.95000000,21.29000000,20.67000000,20.81000000,8280.80000000,1787194799999,174029.14590000,462
1787194800000,20.82000000,21.15000000,20.67000000,21.00000000,14005.32000000,1787198399999,293436.56880000,701
1787198400000,20.99000000,21.31000000,20.71000000,20.76000000,9891.92000000,1787201999999,207759.13800000,609
1787202000000,20.78000000,20.92000000,20.35000000,20.39000000,9178.22000000,1787205599999,189048.19030000,616
1787205600000,20.43000000,20.92000000,20.43000000,20.88000000,6050.24000000,1787209199999,125666.57920000,384
1787209200000,20.84000000,20.84000000,20.65000000,20.70000000,4163.46000000,1787212799999,86422.94120000,307
1787212800000,20.69000000,20.76000000,19.91000000,20.01000000,49386.31000000,1787216399999,1005423.33260000,4194
1787216400000,20.02000000,20.58000000,20.01000000,20.58000000,6674.93000000,1787219999999,135264.68490000,374
1787220000000,20.54000000,20.79000000,20.46000000,20.76000000,3540.39000000,1787223599999,72901.25770000,237
1787223600000,20.79000000,20.80000000,19.70000000,19.78000000,6049.10000000,1787227199999,122510.61080000,379
1787227200000,19.80000000,19.94000000,19.18000000,19.90000000,18067.29000000,1787230799999,353326.25690000,985
1787230800000,19.92000000,20.68000000,19.59000000,19.94000000,23645.72000000,1787234399999,474808.23180000,1606
1787234400000,19.96000000,20.60000000,19.88000000,20.48000000,15520.67000000,1787237999999,312852.64730000,1187
1787238000000,20.50000000,20.89000000,19.72000000,20.09000000,8617.95000000,1787241599999,173890.45580000,653
1787241600000,20.11000000,20.30000000,19.90000000,20.22000000,5153.77000000,1787245199999,103475.09860000,436
1787245200000,20.18000000,20.20000000,19.94000000,20.07000000,1732.47000000,1787248799999,34702.29850000,141
1787248800000,20.06000000,20.06000000,19.72000000,19.96000000,703.29000000,1787252399999,13999.64720000,139
1787252400000,19.95000000,20.43000000,19.95000000,20.33000000,3548.96000000,1787255999999,72011.51150000,304
1787256000000,20.33000000,20.42000000,20.30000000,20.41000000,1558.04000000,1787259599999,31741.10750000,133
1787259600000,20.42000000,20.45000000,20.34000000,20.44000000,972.21000000,1787263199999,19847.84900000,56
1787263200000,20.42000000,20.57000000,20.22000000,20.52000000,971.59000000,1787266799999,19806.21920000,133
1787266800000,20.52000000,20.55000000,20.00000000,20.00000000,3504.96000000,1787270399999,71060.05640000,414
1787270400000,19.98000000,21.35000000,19.92000000,20.78000000,42506.97000000,1787273999999,875088.68530000,5788
1787274000000,20.76000000,21.55000000,20.36000000,21.26000000,26370.88000000,1787277599999,554715.21140000,2344
1787277600000,21.22000000,21.74000000,21.06000000,21.69000000,11397.76000000,1787281199999,244439.47290000,917
1787281200000,21.72000000,21.78000000,21.30000000,21.38000000,18358.73000000,1787284799999,395208.21560000,1278
1787284800000,21.37000000,21.63000000,21.18000000,21.54000000,9892.83000000,1787288399999,211580.77490000,754
1787288400000,21.58000000,21.82000000,21.39000000,21.44000000,11540.68000000,1787291999999,249376.73940000,699
1787292000000,21.41000000,21.55000000,21.17000000,21.54000000,14488.05000000,1787295599999,309495.90380000,899
1787295600000,21.56000000,21.59000000,21.46000000,21.55000000,10762.89000000,1787299199999,231638.20000000,471
1787299200000,21.53000000,21.70000000,20.54000000,21.08000000,42505.88000000,1787302799999,894391.77150000,2041
1787302800000,21.07000000,21.20000000,20.78000000,20.90000000,4847.93000000,1787306399999,101622.72410000,302
1787306400000,20.93000000,21.07000000,20.86000000,20.91000000,1392.70000000,1787309999999,29165.21790000,123
1787310000000,20.96000000,21.14000000,20.72000000,21.02000000,4676.86000000,1787313599999,97944.21450000,259
1787313600000,21.00000000,21.10000000,20.88000000,21.04000000,1559.14000000,1787317199999,32733.48740000,97
1787317200000,21.03000000,21.16000000,20.46000000,20.82000000,7473.14000000,1787320799999,155880.95250000,808
1787320800000,20.78000000,20.86000000,20.28000000,20.54000000,6863.95000000,1787324399999,140754.21670000,679
1787324400000,20.56000000,21.02000000,20.50000000,20.81000000,4063.44000000,1787327999999,84203.04360000,350
1787328000000,20.84000000,20.84000000,20.61000000,20.80000000,3069.12000000,1787331599999,63772.21090000,235
1787331600000,20.81000000,20.88000000,20.49000000,20.52000000,1029.72000000,1787335199999,21346.85260000,119
1787335200000,20.54000000,20.62000000,20.43000000,20.49000000,2952.67000000,1787338799999,60442.37390000,120
1787338800000,20.52000000,20.55000000,20.22000000,20.34000000,7442.05000000,1787342399999,151452.30330000,336
1787342400000,20.37000000,20.49000000,20.37000000,20.49000000,492.57000000,1787345999999,10067.15690000,47
1787346000000,20.49000000,20.55000000,20.45000000,20.50000000,439.78000000,1787349599999,9014.61690000,58
1787349600000,20.48000000,20.62000000,20.48000000,20.59000000,1894.73000000,1787353199999,39014.63730000,91
1787353200000,20.56000000,20.56000000,20.25000000,20.38000000,1441.25000000,1787356799999,29330.31870000,79
1787356800000,20.40000000,20.46000000,20.36000000,20.36000000,277.34000000,1787360399999,5657.73150000,35
1787360400000,20.35000000,20.38000000,20.29000000,20.36000000,784.56000000,1787363999999,15942.38670000,59
1787364000000,20.36000000,20.43000000,20.32000000,20.35000000,472.89000000,1787367599999,9633.68870000,61
1787367600000,20.38000000,20.46000000,20.34000000,20.43000000,661.64000000,1787371199999,13503.51160000,52
1787371200000,20.41000000,20.48000000,20.41000000,20.45000000,782.90000000,1787374799999,16004.94880000,78
1787374800000,20.44000000,20.47000000,19.88000000,20.31000000,2700.03000000,1787378399999,54452.85720000,301
1787378400000,20.28000000,20.38000000,20.28000000,20.35000000,27.41000000,1787381999999,557.39670000,18
1787382000000,20.38000000,20.43000000,20.35000000,20.43000000,27.61000000,1787385599999,562.90140000,18
1787385600000,20.41000000,20.43000000,20.32000000,20.36000000,486.41000000,1787389199999,9917.64400000,60
1787389200000,20.37000000,20.38000000,20.32000000,20.33000000,48.35000000,1787392799999,983.88520000,25
1787392800000,20.35000000,20.36000000,20.16000000,20.26000000,1084.10000000,1787396399999,21947.53080000,61
1787396400000,20.25000000,20.26000000,20.18000000,20.20000000,83.66000000,1787399999999,1691.87950000,37
1787400000000,20.21000000,20.22000000,20.11000000,20.11000000,156.73000000,1787403599999,3159.75400000,45
1787403600000,20.10000000,20.14000000,20.09000000,20.10000000,122.08000000,1787407199999,2456.06260000,44
1787407200000,20.09000000,20.11000000,20.06000000,20.06000000,305.61000000,1787410799999,6139.67420000,40
1787410800000,20.04000000,20.08000000,20.00000000,20.05000000,357.45000000,1787414399999,7166.71550000,65
1787414400000,20.05000000,20.15000000,20.00000000,20.01000000,540.68000000,1787417999999,10833.83680000,69
1787418000000,20.00000000,20.05000000,20.00000000,20.04000000,211.55000000,1787421599999,4235.83830000,32
1787421600000,20.04000000,20.04000000,20.00000000,20.00000000,26.28000000,1787425199999,525.76770000,13
1787425200000,20.00000000,20.04000000,20.00000000,20.04000000,69.59000000,1787428799999,1394.22970000,16
1787428800000,20.06000000,20.13000000,20.05000000,20.12000000,182.56000000,1787432399999,3667.80810000,34
1787432400000,20.12000000,20.12000000,20.05000000,20.09000000,191.81000000,1787435999999,3852.83720000,29
1787436000000,20.08000000,20.12000000,20.04000000,20.05000000,184.36000000,1787439599999,3701.65770000,38
1787439600000,20.05000000,20.10000000,20.03000000,20.03000000,113.36000000,1787443199999,2275.14530000,21
1787443200000,20.08000000,20.24000000,20.08000000,20.23000000,1581.13000000,1787446799999,31921.73340000,73
1787446800000,20.22000000,20.31000000,20.20000000,20.30000000,400.69000000,1787450399999,8111.55990000,41
1787450400000,20.32000000,20.39000000,20.27000000,20.38000000,1825.20000000,1787453999999,37114.70080000,203
1787454000000,20.37000000,20.43000000,20.34000000,20.40000000,626.04000000,1787457599999,12756.00330000,85
1787457600000,20.40000000,20.42000000,20.34000000,20.41000000,198.77000000,1787461199999,4052.27110000,35
1787461200000,20.40000000,20.42000000,20.29000000,20.37000000,104.12000000,1787464799999,2120.98230000,28
1787464800000,20.35000000,20.39000000,20.22000000,20.38000000,285.82000000,1787468399999,5808.34870000,41
1787468400000,20.35000000,20.43000000,20.33000000,20.42000000,609.54000000,1787471999999,12418.30030000,58
1787472000000,20.43000000,20.44000000,20.37000000,20.38000000,163.15000000,1787475599999,3333.57100000,24
1787475600000,20.36000000,20.37000000,20.32000000,20.37000000,276.62000000,1787479199999,5625.49010000,27
1787479200000,20.35000000,20.37000000,20.33000000,20.37000000,25.76000000,1787482799999,523.94640000,9
1787482800000,20.37000000,20.52000000,20.34000000,20.52000000,412.75000000,1787486399999,8415.89790000,39
1787486400000,20.53000000,20.60000000,20.50000000,20.59000000,266.61000000,1787489999999,5472.17830000,31
1787490000000,20.58000000,20.62000000,20.51000000,20.59000000,150.84000000,1787493599999,3105.13910000,31
1787493600000,20.56000000,20.68000000,20.54000000,20.68000000,505.60000000,1787497199999,10441.49790000,62
1787497200000,20.67000000,20.88000000,20.67000000,20.82000000,1508.78000000,1787500799999,31377.24970000,248
1787500800000,20.82000000,20.93000000,20.79000000,20.86000000,483.12000000,1787504399999,10068.28970000,58
1787504400000,20.84000000,20.97000000,20.82000000,20.95000000,392.06000000,1787507999999,8211.30400000,49
1787508000000,20.95000000,21.18000000,20.92000000,21.18000000,288.11000000,1787511599999,6066.21220000,60
1787511600000,21.20000000,21.39000000,21.14000000,21.18000000,2553.98000000,1787515199999,54291.29450000,316
1787515200000,21.18000000,21.19000000,21.12000000,21.19000000,434.79000000,1787518799999,9201.98570000,106
1787518800000,21.19000000,21.22000000,21.14000000,21.18000000,934.27000000,1787522399999,19780.26630000,90
1787522400000,21.19000000,21.24000000,21.05000000,21.13000000,754.07000000,1787525999999,15948.86380000,145
1787526000000,21.12000000,21.38000000,21.08000000,21.10000000,1382.29000000,1787529599999,29276.44890000,217
1787529600000,21.08000000,21.28000000,20.49000000,21.12000000,5212.41000000,1787533199999,109036.98790000,805
1787533200000,21.08000000,21.08000000,20.28000000,20.28000000,3963.35000000,1787536799999,82015.23390000,369
1787536800000,20.30000000,20.62000000,20.10000000,20.32000000,3685.48000000,1787540399999,74821.30180000,393
1787540400000,20.30000000,20.30000000,19.54000000,19.60000000,18719.91000000,1787543999999,369144.19520000,961
1787544000000,19.62000000,20.06000000,19.54000000,19.92000000,7891.74000000,1787547599999,156712.46630000,527
1787547600000,19.90000000,20.26000000,19.78000000,19.90000000,2414.53000000,1787551199999,48287.02380000,274
1787551200000,19.88000000,20.10000000,19.77000000,19.97000000,2779.87000000,1787554799999,55335.44390000,336
1787554800000,19.96000000,20.04000000,19.80000000,19.81000000,825.62000000,1787558399999,16433.17780000,89
1787558400000,19.82000000,19.96000000,19.54000000,19.86000000,4344.05000000,1787561999999,85726.45570000,328
1787562000000,19.86000000,20.04000000,19.81000000,19.99000000,1281.15000000,1787565599999,25534.58570000,123
1787565600000,19.98000000,20.08000000,19.69000000,19.69000000,2439.19000000,1787569199999,48589.70480000,253
1787569200000,19.68000000,20.30000000,19.54000000,19.99000000,3961.33000000,1787572799999,79066.02230000,432
1787572800000,19.98000000,20.01000000,19.66000000,19.70000000,5893.70000000,1787576399999,116969.51100000,462
1787576400000,19.74000000,19.84000000,17.97000000,18.38000000,14211.88000000,1787579999999,265615.95970000,1606
1787580000000,18.36000000,18.74000000,18.14000000,18.58000000,9682.79000000,1787583599999,177872.90380000,809
1787583600000,18.56000000,19.00000000,18.22000000,18.80000000,3459.38000000,1787587199999,64095.75320000,423
1787587200000,18.82000000,19.09000000,18.72000000,18.72000000,933.27000000,1787590799999,17658.75180000,165
1787590800000,18.70000000,18.98000000,18.50000000,18.56000000,725.62000000,1787594399999,13487.61250000,151
1787594400000,18.58000000,19.26000000,18.58000000,19.00000000,1664.10000000,1787597999999,31683.92790000,193
1787598000000,18.98000000,19.03000000,18.66000000,18.74000000,2219.81000000,1787601599999,41660.61530000,158
1787601600000,18.76000000,18.86000000,18.68000000,18.81000000,451.51000000,1787605199999,8491.79170000,67
1787605200000,18.79000000,18.90000000,18.76000000,18.84000000,313.77000000,1787608799999,5900.39530000,42
1787608800000,18.82000000,18.82000000,18.68000000,18.68000000,989.64000000,1787612399999,18565.27480000,63
1787612400000,18.72000000,18.78000000,18.54000000,18.62000000,2780.50000000,1787615999999,51963.72500000,189
1787616000000,18.63000000,18.82000000,17.67000000,18.75000000,29629.24000000,1787619599999,532918.58990000,1578
