week_start_ts,transfer_count,unique_addresses
1673740800,0,0
1674345600,0,0
1674950400,0,0
1675555200,0,0
1676160000,0,0
1676764800,0,0
1677369600,0,0
1677974400,0,0
1678579200,0,0
1679184000,0,0
1679788800,0,0
1680393600,0,0
1680998400,0,0
1681603200,0,0
1682208000,0,0
1682812800,0,0
1683417600,0,0
1684022400,0,0
1684627200,0,0
1685232000,0,0
1685836800,0,0
1686441600,0,0
1687046400,0,0
1687651200,0,0
1688256000,0,0
1688860800,0,0
1689465600,0,0
1690070400,0,0
1690675200,0,0
1691280000,0,0
1691884800,0,0
1692489600,0,0
1693094400,0,0
1693699200,0,0
1694304000,0,0
1694908800,0,0
1695513600,0,0
1696118400,0,0
1696723200,0,0
1697328000,0,0
1697932800,0,0
1698537600,0,0
1699142400,0,0
1699747200,0,0
1700352000,0,0
1700956800,0,0
1701561600,0,0
1702166400,0,0
1702771200,0,0
1703376000,0,0
1703980800,0,0
1704585600,0,0
1705190400,0,0
1705795200,0,0
1706400000,0,0
1707004800,0,0
1707609600,0,0
1708214400,0,0
1708819200,0,0
1709424000,0,0
1710028800,0,0
1710633600,0,0
1711238400,0,0
1711843200,0,0
1712448000,0,0
1713052800,0,0
1713657600,0,0
1714262400,0,0
1714867200,0,0
1715472000,0,0
1716076800,0,0
1716681600,0,0
1717286400,0,0
1717891200,0,0
1718496000,0,0
1719100800,0,0
1719705600,0,0
1720310400,0,0
1720915200,0,0
1721520000,0,0
1722124800,0,0
1722729600,0,0
1723334400,0,0
1723939200,0,0
1724544000,0,0
1725148800,0,0
1725753600,0,0
1726358400,0,0
1726963200,0,0
1727568000,0,0
1728172800,0,0
1728777600,0,0
1729382400,0,0
1729987200,0,0
1730592000,0,0
1731196800,0,0
1731801600,0,0
1732406400,0,0
1733011200,0,0
1733616000,0,0
1734220800,0,0
1734825600,0,0
1735430400,0,0
1736035200,0,0
1736640000,0,0
1737244800,0,0
1737849600,0,0
1738454400,0,0
1739059200,0,0
1739664000,0,0
1740268800,0,0
1740873600,0,0
1741478400,0,0
1742083200,0,0
1742688000,0,0
1743292800,0,0
1743897600,0,0
1744502400,0,0
1745107200,0,0
1745712000,0,0
1746316800,0,0
1746921600,0,0
1747526400,0,0
1748131200,0,0
1748736000,0,0
1749340800,0,0
1749945600,0,0
1750550400,0,0
1751155200,0,0
1751760000,0,0
1752364800,0,0
1752969600,0,0
1753574400,0,0
1754179200,0,0
1754784000,0,0
1755388800,0,0
1755993600,0,0
1756598400,0,0
1757203200,0,0
1757808000,0,0
1758412800,0,0
1759017600,0,0
1759622400,0,0
1760227200,0,0
1760832000,0,0
1761436800,0,0
1762041600,0,0
1762646400,0,0
1763251200,0,0
1763856000,0,0
1764460800,0,0
1765065600,0,0
1765670400,0,0
1766275200,0,0
1766880000,0,0
1767484800,0,0
1768089600,0,0
1768694400,0,0
1769299200,0,0
1769904000,0,0
1770508800,0,0
1771113600,0,0
1771718400,0,0
1772323200,0,0
1772928000,0,0
1773532800,0,0
1774137600,0,0
1774742400,0,0
1775347200,0,0
1775952000,0,0
1776556800,0,0
1777161600,0,0
1777766400,0,0
1778371200,1,2
1778976000,0,0
1779580800,0,0
1780185600,0,0
1780790400,17,12
1781395200,10000,2120
1782000000,10000,3535
1782604800,10000,1261
1783209600,7286,948
1783814400,5536,720
1784419200,10000,884
1785024000,5735,703
1785628800,4264,545
1786233600,5646,599
1786838400,5986,748
1787443200,2335,421
