open_time,volume,taker_buy_base_volume
1783429200000,1014.22500000,483.66000000
1783432800000,1465.43000000,1068.33200000
1783436400000,75.89200000,26.17900000
1783440000000,767.14000000,603.86800000
1783443600000,30.39100000,14.12900000
1783447200000,18.83800000,11.53900000
1783450800000,115.82100000,18.86400000
1783454400000,79.99700000,7.58500000
1783458000000,38.22100000,1.03400000
1783461600000,68.20100000,61.03700000
1783465200000,185.91600000,0.28700000
1783468800000,778.34200000,638.18500000
1783472400000,403.96500000,88.59200000
1783476000000,151.40700000,30.88700000
1783479600000,126.87300000,49.44700000
1783483200000,77.47500000,37.68400000
1783486800000,215.37500000,155.65600000
1783490400000,370.04100000,198.85400000
1783494000000,335.41600000,190.96800000
1783497600000,2737.04300000,1736.99700000
1783501200000,1232.95100000,739.89100000
1783504800000,535.07100000,207.16400000
1783508400000,498.65100000,184.16800000
1783512000000,461.70800000,77.67600000
1783515600000,918.46800000,380.97000000
1783519200000,1105.31100000,235.72500000
1783522800000,613.52300000,294.53700000
1783526400000,705.50900000,101.28800000
1783530000000,264.31100000,25.21200000
1783533600000,100.92700000,10.84100000
1783537200000,1451.33200000,1085.95800000
1783540800000,2232.62100000,1022.26900000
1783544400000,542.67000000,272.94600000
1783548000000,354.66800000,119.28100000
1783551600000,374.36600000,120.08300000
1783555200000,3226.59200000,1572.28400000
1783558800000,1311.49300000,629.62800000
1783562400000,423.98800000,270.76400000
1783566000000,398.07000000,252.16600000
1783569600000,143.98600000,78.05000000
1783573200000,437.42500000,271.14600000
1783576800000,400.24600000,129.37300000
1783580400000,255.14900000,143.45200000
1783584000000,1335.97300000,966.08000000
1783587600000,926.51400000,301.36800000
1783591200000,624.63300000,260.09100000
1783594800000,848.55300000,330.72800000
1783598400000,1537.77600000,989.67800000
1783602000000,2141.33700000,1567.15300000
1783605600000,1967.82700000,1143.42300000
1783609200000,116.72500000,37.27400000
1783612800000,192.36500000,85.42900000
1783616400000,78.13700000,46.21300000
1783620000000,36.34000000,8.69600000
1783623600000,565.75000000,426.73400000
1783627200000,528.34800000,353.70300000
1783630800000,129.61000000,11.77100000
1783634400000,145.32600000,18.01600000
1783638000000,84.05300000,19.12200000
1783641600000,4260.21300000,3437.29100000
1783645200000,836.95400000,423.20800000
1783648800000,139.08100000,37.72600000
1783652400000,106.90600000,64.54900000
1783656000000,71.56400000,44.83700000
1783659600000,80.46600000,33.83200000
1783663200000,170.70300000,107.86700000
1783666800000,136.29000000,34.58000000
1783670400000,916.64400000,837.54600000
1783674000000,184.92800000,24.83400000
1783677600000,43.97600000,8.86400000
1783681200000,1132.67600000,543.69900000
1783684800000,521.30200000,240.90100000
1783688400000,917.08500000,423.59900000
1783692000000,1856.31900000,358.29200000
1783695600000,438.60800000,147.65400000
1783699200000,53.00100000,24.57200000
1783702800000,35.54300000,9.24300000
1783706400000,14.43800000,4.00400000
1783710000000,110.17700000,77.56600000
1783713600000,6.82900000,3.87200000
1783717200000,8.43600000,1.37200000
1783720800000,17.41200000,6.93700000
1783724400000,16.95500000,6.31400000
1783728000000,445.63100000,275.26900000
1783731600000,91.83800000,32.35700000
1783735200000,163.92400000,48.50800000
1783738800000,47.77500000,26.00600000
1783742400000,75.34900000,34.95200000
1783746000000,267.39300000,252.52700000
1783749600000,211.12600000,78.83900000
1783753200000,266.81500000,22.12100000
1783756800000,36.15100000,6.50600000
1783760400000,421.12600000,264.89700000
1783764000000,28.87900000,17.50800000
1783767600000,11.03900000,1.63300000
1783771200000,28.10400000,1.73600000
1783774800000,0.90300000,0.38500000
1783778400000,5.30400000,1.79800000
1783782000000,61.99300000,3.35400000
1783785600000,1.86000000,0.59500000
1783789200000,437.95900000,249.88200000
1783792800000,14.33600000,2.76900000
1783796400000,64.17800000,14.88600000
1783800000000,18.63500000,8.63100000
1783803600000,54.10300000,15.26100000
1783807200000,24.49400000,1.24600000
1783810800000,5.30000000,2.66800000
1783814400000,220.39400000,6.89600000
1783818000000,60.96400000,2.36600000
1783821600000,67.32100000,5.49800000
1783825200000,8.18100000,3.50100000
1783828800000,2.19500000,0.85300000
1783832400000,6.83900000,6.39100000
1783836000000,31.83300000,4.24700000
1783839600000,1.29800000,0.63200000
1783843200000,1.38800000,0.81300000
1783846800000,22.60500000,10.18900000
1783850400000,9.30700000,8.45600000
1783854000000,4.43800000,4.02500000
1783857600000,6.68500000,6.16900000
1783861200000,18.27300000,1.63100000
1783864800000,6.23400000,5.46700000
1783868400000,37.84800000,34.95900000
1783872000000,3.57900000,0.92300000
1783875600000,11.62700000,3.03600000
1783879200000,63.95700000,62.64800000
1783882800000,3.53900000,0.95000000
1783886400000,1.89900000,1.53700000
1783890000000,44.40300000,27.73400000
1783893600000,104.33800000,38.72800000
1783897200000,77.87900000,2.56500000
1783900800000,6469.58200000,1442.73200000
1783904400000,456.33400000,321.06300000
1783908000000,496.19000000,345.75200000
1783911600000,463.40200000,89.27800000
1783915200000,203.91700000,93.80400000
1783918800000,732.93700000,577.10100000
1783922400000,346.23900000,266.28300000
1783926000000,362.26800000,132.59400000
1783929600000,85.04500000,72.76100000
1783933200000,1066.90500000,667.90900000
1783936800000,198.38700000,127.20200000
1783940400000,308.22500000,200.50900000
1783944000000,418.56000000,240.11400000
1783947600000,1400.92100000,530.34500000
1783951200000,1979.22600000,1371.04700000
1783954800000,263.56000000,65.97800000
1783958400000,770.03700000,449.27000000
1783962000000,252.62900000,91.11800000
1783965600000,194.42400000,83.71000000
1783969200000,380.52600000,122.16000000
1783972800000,87.78000000,66.05500000
1783976400000,158.78100000,3.30300000
1783980000000,15.31200000,5.75200000
1783983600000,140.45800000,15.44800000
1783987200000,679.76700000,406.28100000
1783990800000,236.20500000,95.44100000
1783994400000,686.94100000,608.07300000
1783998000000,244.59000000,161.80000000
1784001600000,173.68200000,94.40300000
1784005200000,1999.17600000,741.64900000
1784008800000,97.65200000,40.64500000
1784012400000,54.60200000,46.77700000
1784016000000,654.49200000,471.22500000
1784019600000,169.24700000,128.64200000
1784023200000,141.67600000,46.96200000
1784026800000,1215.41300000,1140.73200000
1784030400000,4086.60800000,2291.54200000
1784034000000,2819.57800000,2056.99700000
1784037600000,3969.31000000,3193.78500000
1784041200000,291.05300000,127.68000000
1784044800000,175.93300000,134.76600000
1784048400000,25.01900000,18.49900000
1784052000000,52.40100000,2.11300000
1784055600000,117.32100000,49.54100000
1784059200000,19.53500000,1.91800000
1784062800000,7.01700000,6.31600000
1784066400000,14.24200000,13.11000000
1784070000000,33.20000000,27.91200000
1784073600000,773.05200000,374.31600000
1784077200000,391.19200000,281.90900000
1784080800000,278.38900000,107.45600000
1784084400000,405.11100000,137.49800000
1784088000000,780.97000000,54.42300000
1784091600000,1881.85200000,287.10200000
1784095200000,2314.49200000,103.97900000
1784098800000,1014.88200000,28.48700000
1784102400000,762.04300000,469.65600000
1784106000000,663.93700000,257.33900000
1784109600000,264.70500000,62.40200000
1784113200000,230.66800000,54.36100000
1784116800000,803.79400000,169.02100000
1784120400000,1469.32800000,500.57300000
1784124000000,6520.79800000,2511.72300000
1784127600000,799.88600000,410.31100000
1784131200000,2270.35600000,1117.52200000
1784134800000,568.65500000,178.32600000
1784138400000,546.61300000,299.50900000
1784142000000,455.27100000,246.30600000
1784145600000,115.81200000,64.90400000
1784149200000,170.13500000,118.32600000
1784152800000,115.15000000,53.80700000
1784156400000,129.11000000,77.72500000
1784160000000,504.96600000,302.55700000
1784163600000,688.81900000,273.48800000
1784167200000,645.24800000,125.90700000
1784170800000,291.43800000,91.74200000
1784174400000,140.60300000,107.46600000
1784178000000,198.57300000,104.11100000
1784181600000,1112.47800000,329.44400000
1784185200000,1193.57100000,1036.90800000
1784188800000,1828.89400000,1270.46500000
1784192400000,1453.42100000,511.55300000
1784196000000,1333.58700000,1114.67700000
1784199600000,2713.75100000,2034.82100000
1784203200000,2089.83600000,1192.88800000
1784206800000,4447.39500000,2202.49100000
1784210400000,4218.98500000,2222.49000000
1784214000000,1488.83800000,741.74500000
1784217600000,1155.96800000,842.35000000
1784221200000,1401.39300000,891.01100000
1784224800000,631.74500000,378.83400000
1784228400000,2731.14100000,1642.75600000
1784232000000,814.14900000,684.06400000
1784235600000,160.61800000,96.26000000
1784239200000,847.81100000,231.32200000
1784242800000,331.85500000,91.18500000
1784246400000,2874.04500000,2005.82300000
1784250000000,2693.14400000,2164.45100000
1784253600000,1716.27100000,1126.25500000
1784257200000,2406.11200000,1952.03200000
1784260800000,4406.93200000,3685.59100000
1784264400000,2319.32500000,1615.07500000
1784268000000,4479.53000000,4101.84100000
1784271600000,6910.92000000,5701.89600000
1784275200000,15914.63500000,13284.52800000
1784278800000,19357.23800000,17189.41500000
1784282400000,4850.14000000,3300.06300000
1784286000000,3613.74100000,1979.09400000
1784289600000,8263.19500000,3894.29900000
1784293200000,30121.98300000,18297.88100000
1784296800000,20753.21800000,11213.66600000
1784300400000,5010.81000000,3228.83300000
1784304000000,3057.13000000,1728.61300000
1784307600000,985.04000000,446.67100000
1784311200000,1139.46100000,680.31800000
1784314800000,1231.97800000,607.99300000
1784318400000,585.12800000,185.46500000
1784322000000,376.85900000,100.53200000
1784325600000,618.18500000,267.60900000
1784329200000,164.61200000,24.40300000
1784332800000,578.44900000,200.12000000
1784336400000,1036.66800000,513.70400000
1784340000000,413.50400000,305.58300000
1784343600000,150.25800000,30.72500000
1784347200000,134.48700000,4.54400000
1784350800000,1220.13500000,493.03300000
1784354400000,221.56600000,50.49900000
1784358000000,122.52600000,51.27900000
1784361600000,78.87400000,16.29100000
1784365200000,64.43500000,40.57000000
1784368800000,14.82700000,9.08400000
1784372400000,136.84700000,50.05500000
1784376000000,101.88700000,47.79600000
1784379600000,2049.86600000,1570.69000000
1784383200000,631.24300000,460.08700000
1784386800000,568.39300000,105.52900000
1784390400000,675.08700000,344.62500000
1784394000000,260.69200000,52.12200000
1784397600000,449.18400000,249.44900000
1784401200000,33.89000000,10.92000000
1784404800000,7.38900000,5.74900000
1784408400000,1030.42000000,629.88000000
1784412000000,1525.95200000,1335.80300000
1784415600000,13.37400000,7.58100000
1784419200000,317.75500000,44.50200000
1784422800000,322.34000000,259.04400000
1784426400000,460.69200000,293.01100000
1784430000000,62.36500000,27.29600000
1784433600000,226.69700000,148.53700000
1784437200000,152.35900000,37.28500000
1784440800000,74.48000000,49.45600000
1784444400000,221.94600000,34.75300000
1784448000000,336.13900000,185.62400000
1784451600000,1556.32000000,377.58800000
1784455200000,7329.74800000,4760.01000000
1784458800000,1623.75000000,1168.18200000
1784462400000,555.04300000,417.25100000
1784466000000,199.25500000,70.85700000
1784469600000,1153.62600000,1016.80100000
1784473200000,393.37400000,293.95700000
1784476800000,1392.08500000,1058.08200000
1784480400000,327.65500000,211.74800000
1784484000000,257.72300000,51.05400000
1784487600000,96.99500000,7.13000000
1784491200000,117.42100000,18.40000000
1784494800000,239.90200000,192.76800000
1784498400000,8774.01400000,5965.83000000
1784502000000,504.22300000,194.15400000
1784505600000,12240.28700000,8736.79000000
1784509200000,3262.92600000,1496.35100000
1784512800000,3713.09300000,963.98000000
1784516400000,2398.33000000,751.81600000
1784520000000,1196.26500000,550.15700000
1784523600000,2313.05800000,1097.81300000
1784527200000,1039.69600000,305.85500000
1784530800000,660.90400000,445.35000000
1784534400000,1451.12800000,531.04700000
1784538000000,941.68500000,661.92800000
1784541600000,1065.24500000,740.38600000
1784545200000,1867.40800000,1486.52800000
1784548800000,926.56800000,299.06000000
1784552400000,5734.58200000,3303.94900000
1784556000000,2857.64600000,759.77100000
1784559600000,1009.31900000,488.20200000
1784563200000,721.77700000,282.24000000
1784566800000,206.15200000,54.75100000
1784570400000,155.90000000,62.17300000
1784574000000,629.51400000,282.11600000
1784577600000,723.65700000,82.36100000
1784581200000,43.74400000,34.52600000
1784584800000,187.58900000,60.53500000
1784588400000,1064.74000000,656.52000000
1784592000000,2632.18900000,1632.13900000
1784595600000,1660.84200000,1149.49400000
1784599200000,788.46500000,591.14500000
1784602800000,3325.47400000,1871.20800000
1784606400000,642.67200000,367.70400000
1784610000000,1833.35800000,669.93100000
1784613600000,804.10300000,525.66200000
1784617200000,409.62800000,240.50100000
1784620800000,835.80200000,406.07000000
1784624400000,388.86100000,195.54100000
1784628000000,1110.53800000,507.18500000
1784631600000,369.10700000,151.53900000
1784635200000,575.76200000,142.71500000
1784638800000,3567.97500000,1379.93000000
1784642400000,4456.00200000,1922.21600000
1784646000000,1197.58900000,258.95400000
1784649600000,1542.71000000,866.51000000
1784653200000,1119.23600000,303.55100000
1784656800000,179.61400000,72.32300000
1784660400000,494.30500000,192.24400000
1784664000000,193.38300000,52.11400000
1784667600000,621.99400000,547.93600000
1784671200000,197.03400000,44.09400000
1784674800000,395.41100000,113.91000000
1784678400000,3205.33900000,817.47000000
1784682000000,2257.91400000,366.45300000
1784685600000,2076.34300000,94.61600000
1784689200000,2741.40800000,315.25000000
1784692800000,575.67500000,432.39100000
1784696400000,1227.07900000,454.46800000
1784700000000,2776.16200000,355.01700000
1784703600000,2754.15400000,274.24200000
1784707200000,2916.41400000,410.50100000
1784710800000,3082.49200000,461.59200000
1784714400000,1152.54800000,392.00300000
1784718000000,1060.47600000,225.74200000
1784721600000,2269.43600000,973.57900000
1784725200000,7060.74400000,2141.11900000
1784728800000,1884.88200000,883.95600000
1784732400000,2471.00000000,1486.35300000
1784736000000,638.86100000,274.96700000
1784739600000,637.86000000,304.28700000
1784743200000,1011.56300000,718.48000000
1784746800000,540.02400000,33.35400000
1784750400000,2552.49200000,1657.01500000
1784754000000,2132.51300000,804.00300000
1784757600000,2019.42800000,271.31800000
1784761200000,588.70700000,372.15600000
1784764800000,518.15900000,310.78300000
1784768400000,867.71700000,287.85800000
1784772000000,731.75400000,248.39300000
1784775600000,1780.15000000,336.31500000
1784779200000,766.19400000,230.64500000
1784782800000,545.99600000,243.64600000
1784786400000,1681.81700000,387.77500000
1784790000000,811.93200000,321.94100000
1784793600000,679.95900000,495.19600000
1784797200000,606.60700000,199.97900000
1784800800000,229.97800000,125.84900000
1784804400000,804.89200000,388.73000000
1784808000000,2132.16100000,835.25800000
1784811600000,3813.45200000,2131.60400000
1784815200000,1714.19900000,784.46100000
1784818800000,1568.54200000,617.47600000
1784822400000,936.71500000,411.10700000
1784826000000,375.02100000,140.14700000
1784829600000,164.65500000,56.87900000
1784833200000,904.11700000,572.86400000
1784836800000,5168.90400000,3146.49900000
1784840400000,370.76400000,112.21200000
1784844000000,219.25500000,71.64600000
1784847600000,288.83300000,211.82500000
1784851200000,1366.31200000,424.97800000
1784854800000,999.22400000,134.20300000
1784858400000,1452.44300000,470.67400000
1784862000000,292.40800000,239.33600000
1784865600000,1298.82200000,322.05500000
1784869200000,864.06900000,500.79100000
1784872800000,288.97300000,146.20000000
1784876400000,323.91400000,210.64200000
1784880000000,260.90100000,140.97600000
1784883600000,342.42300000,144.42700000
1784887200000,129.60400000,62.27800000
1784890800000,268.26100000,142.83300000
1784894400000,568.55000000,194.74700000
1784898000000,5087.60400000,2693.77900000
1784901600000,3133.01600000,1843.79600000
1784905200000,2107.49800000,1135.31800000
1784908800000,1918.80000000,351.85800000
1784912400000,5129.12700000,4055.11000000
1784916000000,1065.38100000,721.20800000
1784919600000,1524.62600000,654.51600000
1784923200000,118.11200000,60.65500000
1784926800000,180.94200000,29.66300000
1784930400000,225.09100000,107.00200000
1784934000000,202.56100000,28.57300000
1784937600000,223.47900000,166.74600000
1784941200000,82.57100000,37.53900000
1784944800000,145.30500000,97.46300000
1784948400000,24.69700000,11.96200000
1784952000000,139.12800000,28.07000000
1784955600000,179.83900000,34.82100000
1784959200000,162.03900000,32.87800000
1784962800000,217.27000000,39.53500000
1784966400000,33.76300000,11.45700000
1784970000000,88.48200000,20.67800000
1784973600000,33.48900000,30.47300000
1784977200000,132.07400000,20.98900000
1784980800000,43.33600000,19.61100000
1784984400000,66.48800000,33.72500000
1784988000000,29.69600000,11.41200000
1784991600000,195.44600000,114.50200000
1784995200000,15.71700000,9.41800000
1784998800000,116.48600000,25.89900000
1785002400000,272.94200000,32.83000000
1785006000000,139.34900000,34.47100000
1785009600000,168.44300000,91.52900000
1785013200000,70.70000000,18.17100000
1785016800000,410.27600000,80.77800000
1785020400000,381.70600000,29.01700000
1785024000000,403.88900000,40.43600000
1785027600000,3034.75300000,2397.31800000
1785031200000,2155.87500000,358.95100000
1785034800000,1416.16400000,335.01200000
1785038400000,1345.31800000,337.90500000
1785042000000,1438.78600000,563.98900000
1785045600000,2082.62600000,724.07900000
1785049200000,476.00900000,59.23100000
1785052800000,922.27100000,30.08800000
1785056400000,238.19500000,57.34300000
1785060000000,160.46500000,56.05100000
1785063600000,131.02600000,46.83300000
1785067200000,312.68700000,117.41900000
1785070800000,153.33100000,43.37700000
1785074400000,39.20500000,17.90600000
1785078000000,69.71700000,23.50800000
1785081600000,30.37000000,14.30900000
1785085200000,37.08900000,20.48900000
1785088800000,95.02200000,69.28100000
1785092400000,32.94200000,16.12500000
1785096000000,118.68500000,27.32000000
1785099600000,51.58300000,1.66500000
1785103200000,2865.65000000,670.42500000
1785106800000,10481.69200000,923.65800000
1785110400000,27113.36900000,19798.62100000
1785114000000,7776.74300000,6844.52400000
1785117600000,1164.75600000,789.77000000
1785121200000,2188.87100000,1568.27000000
1785124800000,666.17400000,544.42700000
1785128400000,2834.52500000,2671.79500000
1785132000000,3548.36400000,2543.12600000
1785135600000,2690.83100000,2529.31200000
1785139200000,788.05200000,415.20800000
1785142800000,537.00600000,348.07200000
1785146400000,271.69200000,195.01700000
1785150000000,828.99300000,513.89500000
1785153600000,733.77300000,627.94900000
1785157200000,4162.42100000,2393.99800000
1785160800000,22786.24500000,12198.17900000
1785164400000,6865.21900000,3063.18800000
1785168000000,2015.16600000,1153.96400000
1785171600000,563.91700000,290.89100000
1785175200000,1483.99800000,971.31300000
1785178800000,1988.09600000,878.14600000
1785182400000,245.06100000,132.77400000
1785186000000,49.97600000,22.45000000
1785189600000,319.71000000,114.47000000
1785193200000,1877.69900000,627.37200000
1785196800000,2183.09800000,979.29100000
1785200400000,1775.94800000,1388.96200000
1785204000000,2379.78200000,1715.64500000
1785207600000,3166.83900000,2443.66800000
1785211200000,1171.64800000,464.63800000
1785214800000,2173.46600000,1247.47800000
1785218400000,3701.90500000,2816.73000000
1785222000000,3196.65300000,1636.65400000
1785225600000,5841.94800000,3696.81300000
1785229200000,1235.37100000,270.67200000
1785232800000,812.11400000,359.14800000
1785236400000,3236.54900000,1619.22300000
1785240000000,2753.52600000,1643.36000000
1785243600000,24482.13100000,16042.96800000
1785247200000,19972.90500000,14863.33200000
1785250800000,3977.27500000,2163.21200000
1785254400000,2514.27400000,1344.25600000
1785258000000,4597.02300000,1322.98400000
1785261600000,2548.98000000,1649.71900000
1785265200000,4704.59800000,2474.93600000
1785268800000,16230.92500000,13971.75700000
1785272400000,7534.61400000,7027.02700000
1785276000000,8419.68000000,6850.48000000
1785279600000,5014.86100000,3581.33800000
1785283200000,9050.42300000,6857.73900000
1785286800000,9099.24800000,7037.69300000
1785290400000,4243.62500000,2201.57000000
1785294000000,13000.53700000,11222.81200000
1785297600000,23300.47800000,19168.08700000
1785301200000,13990.31300000,8136.13100000
1785304800000,20931.80800000,17594.73300000
1785308400000,13169.13500000,9985.40500000
1785312000000,19038.48300000,15040.63000000
1785315600000,7048.54400000,3327.60200000
1785319200000,4675.28500000,2448.18900000
1785322800000,5046.50100000,2555.56100000
1785326400000,7813.65000000,4389.94000000
1785330000000,27433.24200000,13686.09100000
1785333600000,35401.42700000,25278.37500000
1785337200000,18844.00900000,12377.61700000
1785340800000,14969.78000000,11309.55000000
1785344400000,5743.43200000,3904.72000000
1785348000000,21990.48700000,6310.87800000
1785351600000,28924.97100000,20304.80400000
1785355200000,24039.41600000,15486.67300000
1785358800000,24437.53200000,14347.66200000
1785362400000,3041.96400000,1343.97800000
1785366000000,3307.22300000,827.44400000
1785369600000,12297.83100000,6167.70600000
1785373200000,11099.04700000,3284.58600000
1785376800000,9203.91500000,6649.89500000
1785380400000,9496.45900000,7300.00800000
1785384000000,6775.39500000,4409.61400000
1785387600000,11258.74300000,7372.59100000
1785391200000,4206.16200000,2550.35100000
1785394800000,5601.31800000,4043.96200000
1785398400000,7278.95300000,3821.13200000
1785402000000,3068.08000000,2151.91300000
1785405600000,5734.07600000,4122.70000000
1785409200000,4682.26600000,967.09300000
1785412800000,6899.77100000,971.62000000
1785416400000,26124.24300000,6297.26900000
1785420000000,24442.41900000,6343.93400000
1785423600000,4189.90100000,2242.61000000
1785427200000,3297.83900000,756.36800000
1785430800000,1371.90900000,867.10800000
1785434400000,1170.39200000,128.28000000
1785438000000,3509.46100000,1591.89500000
1785441600000,24937.58300000,2962.49100000
1785445200000,26864.23400000,4449.26200000
1785448800000,30077.96600000,5020.57800000
1785452400000,33267.99300000,6930.70200000
1785456000000,54656.58000000,5321.69800000
1785459600000,16208.74000000,4204.02200000
1785463200000,23386.02400000,3768.11500000
1785466800000,16200.80600000,3733.33600000
1785470400000,10058.42500000,3397.56200000
1785474000000,12995.20500000,3815.85100000
1785477600000,29582.52500000,8122.40300000
1785481200000,24887.58600000,5735.37200000
1785484800000,6293.70300000,2465.38800000
1785488400000,2968.56000000,1668.51500000
1785492000000,1339.76400000,986.14600000
1785495600000,4596.83700000,2018.35800000
1785499200000,3864.35900000,2448.06400000
1785502800000,38082.45100000,21398.83700000
1785506400000,34372.49100000,16141.29400000
1785510000000,10631.53700000,5674.73400000
1785513600000,3075.35900000,1730.37800000
1785517200000,2099.45500000,1093.47500000
1785520800000,602.09100000,143.06000000
1785524400000,2690.32700000,942.92900000
1785528000000,6525.74000000,3853.39400000
1785531600000,6449.64300000,4580.68500000
1785535200000,3541.10300000,2265.55200000
1785538800000,2881.95800000,1827.37400000
1785542400000,5616.75100000,3233.74200000
1785546000000,2211.04600000,1490.66300000
1785549600000,368.89000000,111.23300000
1785553200000,51.44000000,28.28600000
1785556800000,188.73300000,143.40500000
1785560400000,533.70900000,235.47300000
1785564000000,2166.93000000,1506.80400000
1785567600000,593.37200000,251.77300000
1785571200000,405.09300000,286.43300000
1785574800000,604.38600000,274.81800000
1785578400000,134.07000000,81.36200000
1785582000000,656.04600000,501.59900000
1785585600000,222.89500000,92.71200000
1785589200000,512.84900000,291.44000000
1785592800000,82.97000000,44.57600000
1785596400000,44.48400000,21.19800000
1785600000000,89.81100000,19.47900000
1785603600000,100.33800000,44.90900000
1785607200000,512.39800000,155.35900000
1785610800000,1866.72200000,423.63700000
1785614400000,22.43300000,10.42600000
1785618000000,569.63600000,374.26100000
1785621600000,1345.32400000,756.45400000
1785625200000,296.75600000,107.48500000
1785628800000,1337.94000000,828.55700000
1785632400000,1153.41200000,626.05200000
1785636000000,8349.99800000,5135.19700000
1785639600000,12009.78300000,2591.28200000
1785643200000,8078.36800000,2469.98200000
1785646800000,9809.30200000,3342.32700000
1785650400000,5204.11900000,1257.86300000
1785654000000,912.78100000,688.48400000
1785657600000,3794.64100000,1130.43700000
1785661200000,3490.16900000,928.41700000
1785664800000,5026.50400000,1101.73900000
1785668400000,3756.98600000,2293.58000000
1785672000000,499.91500000,309.11400000
1785675600000,292.70700000,178.26800000
1785679200000,489.54300000,245.40100000
1785682800000,1645.57500000,1078.79300000
1785686400000,3454.51800000,1717.19700000
1785690000000,658.57200000,538.26600000
1785693600000,603.80500000,467.81600000
1785697200000,230.86900000,180.68300000
1785700800000,89.04100000,33.78400000
1785704400000,546.81200000,335.83900000
1785708000000,493.40200000,269.67400000
1785711600000,1175.59900000,798.06300000
1785715200000,23853.62100000,20150.83500000
1785718800000,5877.62800000,4310.79100000
1785722400000,16327.82500000,12517.68900000
1785726000000,4100.98200000,2250.75700000
1785729600000,2446.77900000,1285.65600000
1785733200000,2303.24900000,1588.39100000
1785736800000,2086.23600000,1606.91200000
1785740400000,5805.58900000,2398.94000000
1785744000000,11917.77800000,7898.87500000
1785747600000,1255.81600000,810.42200000
1785751200000,7350.36200000,5533.54300000
1785754800000,10437.61700000,6850.90700000
1785758400000,12433.45100000,8940.19800000
1785762000000,54766.34600000,38607.90300000
1785765600000,12329.33800000,6278.73800000
1785769200000,10815.46500000,7427.76700000
1785772800000,2403.76300000,1394.28800000
1785776400000,1515.40000000,860.90500000
1785780000000,782.45400000,328.61400000
1785783600000,1561.87500000,750.87400000
1785787200000,614.33800000,379.38100000
1785790800000,2623.49100000,2461.18400000
1785794400000,761.34500000,482.57700000
1785798000000,469.98000000,306.54100000
1785801600000,5392.59400000,3121.61000000
1785805200000,3744.77500000,2542.89300000
1785808800000,1797.84000000,587.15500000
1785812400000,6695.09000000,3539.24000000
1785816000000,1332.14400000,1013.87600000
1785819600000,2908.58900000,2238.97300000
1785823200000,1954.55000000,930.20400000
1785826800000,2103.24000000,1268.41400000
1785830400000,5166.92900000,2283.30700000
1785834000000,3330.70800000,960.89600000
1785837600000,3409.53200000,1242.31700000
1785841200000,12762.18500000,2727.35000000
1785844800000,10156.92900000,2577.55200000
1785848400000,25479.70600000,8776.53000000
1785852000000,6622.04100000,2364.20800000
1785855600000,2267.55900000,1065.85100000
1785859200000,1458.56400000,311.35500000
1785862800000,4059.90400000,1101.61200000
1785866400000,2574.32100000,1005.35700000
1785870000000,7952.30500000,4082.71500000
1785873600000,42861.61400000,22698.81000000
1785877200000,6548.04900000,3270.91800000
1785880800000,1172.94400000,338.85500000
1785884400000,2150.91200000,862.66000000
1785888000000,4506.51100000,1804.53500000
1785891600000,3827.72800000,1053.71700000
1785895200000,1298.87100000,411.65400000
1785898800000,1196.38400000,624.16400000
1785902400000,547.18400000,239.05000000
1785906000000,1623.27700000,909.86300000
1785909600000,2330.22900000,882.69600000
1785913200000,2883.12600000,595.03100000
1785916800000,10913.33300000,2282.28200000
1785920400000,2758.02800000,1555.96900000
1785924000000,1172.12400000,460.84700000
1785927600000,2110.24600000,1566.88200000
1785931200000,3438.49900000,2643.52300000
1785934800000,22199.92100000,9041.53100000
1785938400000,9292.83200000,2837.96400000
1785942000000,2302.77300000,706.13900000
1785945600000,1173.95300000,709.17500000
1785949200000,1239.78300000,381.94300000
1785952800000,703.74000000,433.32900000
1785956400000,3886.89200000,905.71200000
1785960000000,12283.59200000,4649.03800000
1785963600000,2319.41400000,1854.90600000
1785967200000,1215.24800000,583.63600000
1785970800000,569.47700000,164.25200000
1785974400000,2111.43200000,1628.62400000
1785978000000,3941.78200000,3024.24300000
1785981600000,1208.07600000,606.00600000
1785985200000,866.21000000,726.87000000
1785988800000,631.70200000,366.76800000
1785992400000,551.42000000,314.60400000
1785996000000,589.76100000,275.56200000
1785999600000,333.75600000,232.85300000
1786003200000,5366.88800000,761.30900000
1786006800000,509.87900000,362.77800000
1786010400000,774.59700000,499.10200000
1786014000000,8066.96500000,3454.65200000
1786017600000,1311.69300000,414.93900000
1786021200000,15839.08000000,6073.46900000
1786024800000,13373.05200000,5697.84000000
1786028400000,3082.34500000,1546.64100000
1786032000000,1419.35400000,817.90700000
1786035600000,588.22400000,305.43100000
1786039200000,2386.61600000,864.18600000
1786042800000,4383.42500000,943.82800000
1786046400000,2370.30400000,2081.66400000
1786050000000,1115.01200000,1054.97000000
1786053600000,2219.78700000,2056.40700000
1786057200000,3813.80800000,3524.28200000
1786060800000,2635.96200000,1533.61400000
1786064400000,1765.38900000,577.97300000
1786068000000,450.52100000,248.97900000
1786071600000,879.87700000,265.79100000
1786075200000,700.88200000,71.69000000
1786078800000,1469.06200000,380.62900000
1786082400000,1197.79100000,662.81200000
1786086000000,1311.57100000,1074.61800000
1786089600000,2347.52600000,2008.94300000
1786093200000,287.63900000,124.06800000
1786096800000,292.23200000,81.98500000
1786100400000,519.37800000,404.54700000
1786104000000,13132.05300000,3972.72500000
1786107600000,16213.81000000,8219.41400000
1786111200000,10511.48500000,4153.39700000
1786114800000,1084.28300000,647.93300000
1786118400000,2313.74700000,628.24000000
1786122000000,205.36200000,71.75200000
1786125600000,338.46000000,79.53400000
1786129200000,2220.11500000,1288.28800000
1786132800000,56.74700000,23.84400000
1786136400000,1509.52900000,42.70600000
1786140000000,1188.11400000,46.98400000
1786143600000,3437.96200000,350.57300000
1786147200000,284.26900000,118.12600000
1786150800000,128.99800000,43.62700000
1786154400000,587.24900000,251.18100000
1786158000000,9161.92300000,821.16700000
1786161600000,1205.98400000,214.20800000
1786165200000,615.43900000,254.74000000
1786168800000,2006.48600000,1092.90700000
1786172400000,4232.95400000,2162.17400000
1786176000000,148.85200000,51.19700000
1786179600000,76.09400000,50.02100000
1786183200000,1144.98200000,848.17100000
1786186800000,648.88700000,383.48300000
1786190400000,182.37800000,74.56400000
1786194000000,1438.32000000,744.77900000
1786197600000,302.11000000,133.54600000
1786201200000,466.85500000,122.31800000
1786204800000,37.83700000,29.44900000
1786208400000,85.06200000,52.94300000
1786212000000,63.62400000,54.07200000
1786215600000,578.16300000,376.76700000
1786219200000,163.81500000,73.55800000
1786222800000,247.04000000,80.57200000
1786226400000,321.35400000,75.55000000
1786230000000,355.26100000,71.89200000
1786233600000,78.54500000,39.17200000
1786237200000,208.16300000,83.11800000
1786240800000,20.52000000,4.80300000
1786244400000,24.06700000,9.49400000
1786248000000,70.38800000,6.13100000
1786251600000,99.09200000,29.57300000
1786255200000,450.76600000,203.61700000
1786258800000,486.91200000,232.25000000
1786262400000,310.86500000,85.48000000
1786266000000,277.56000000,143.70300000
1786269600000,70.58900000,40.47000000
1786273200000,258.32700000,124.85400000
1786276800000,467.43600000,256.74800000
1786280400000,224.99000000,108.34600000
1786284000000,197.25200000,26.68100000
1786287600000,20.94700000,11.96800000
1786291200000,39.97800000,14.68200000
1786294800000,77.83700000,60.22800000
1786298400000,59.52200000,48.71500000
1786302000000,31.87100000,12.44000000
1786305600000,147.46700000,111.03500000
1786309200000,1167.82600000,649.63100000
1786312800000,10222.59100000,5724.54200000
1786316400000,1481.95000000,471.56600000
1786320000000,9854.23700000,919.41600000
1786323600000,965.88600000,269.60400000
1786327200000,810.56200000,106.49500000
1786330800000,618.95200000,214.80700000
1786334400000,974.42900000,354.65400000
1786338000000,668.29400000,276.75000000
1786341600000,2875.08800000,481.75300000
1786345200000,596.66900000,293.96000000
1786348800000,993.98700000,682.90800000
1786352400000,580.06300000,150.05900000
1786356000000,796.77900000,421.32800000
1786359600000,7404.28900000,2171.35100000
1786363200000,4284.02800000,1397.67100000
1786366800000,7795.95200000,4064.17300000
1786370400000,2266.25400000,840.07300000
1786374000000,5849.27200000,3606.98300000
1786377600000,2954.74900000,1536.60000000
1786381200000,767.88100000,620.57200000
1786384800000,323.90500000,236.40100000
1786388400000,3371.04100000,1188.38000000
1786392000000,1777.28800000,1508.05000000
1786395600000,1211.67600000,1184.91000000
1786399200000,4692.82200000,4562.98000000
1786402800000,6933.48200000,6242.52500000
1786406400000,2160.42300000,1284.51800000
1786410000000,3974.65500000,3152.71000000
1786413600000,491.93500000,191.29400000
1786417200000,448.62900000,238.13700000
1786420800000,150.11300000,78.66900000
1786424400000,313.08900000,170.69400000
1786428000000,495.81200000,128.88400000
1786431600000,475.93900000,148.32000000
1786435200000,906.42300000,294.52600000
1786438800000,716.52200000,596.24400000
1786442400000,1522.37800000,1245.65200000
1786446000000,2829.94700000,1692.34100000
1786449600000,2724.56700000,1186.81500000
1786453200000,12990.83700000,6089.12900000
1786456800000,4486.34800000,2592.40700000
1786460400000,2580.15800000,1537.38600000
1786464000000,1725.96700000,967.45300000
1786467600000,1221.03000000,486.89500000
1786471200000,961.67200000,312.68200000
1786474800000,1956.29200000,744.84700000
1786478400000,2320.61900000,1712.25300000
1786482000000,836.82800000,712.27900000
1786485600000,1313.55000000,1222.37700000
1786489200000,2570.88200000,2490.33400000
1786492800000,947.89700000,786.69300000
1786496400000,290.28800000,265.09700000
1786500000000,376.57800000,228.73500000
1786503600000,532.37200000,387.09800000
1786507200000,530.13300000,181.41500000
1786510800000,438.13800000,75.81500000
1786514400000,247.69500000,82.50700000
1786518000000,645.99300000,198.61900000
1786521600000,2735.27000000,858.11200000
1786525200000,1590.26200000,404.83200000
1786528800000,1777.21100000,399.72700000
1786532400000,736.71900000,171.52000000
1786536000000,24447.64900000,3372.62400000
1786539600000,9354.77700000,2852.79600000
1786543200000,3250.69500000,843.84800000
1786546800000,670.88200000,321.15300000
1786550400000,448.65900000,201.19500000
1786554000000,724.35900000,125.79500000
1786557600000,320.67300000,37.37500000
1786561200000,1505.56900000,670.52600000
1786564800000,2163.05500000,1420.41800000
1786568400000,1206.35400000,648.56200000
1786572000000,601.06800000,359.74400000
1786575600000,306.33500000,170.21800000
1786579200000,1552.68400000,1102.04400000
1786582800000,458.46900000,85.30600000
1786586400000,121.09400000,26.23700000
1786590000000,61.54100000,56.93900000
1786593600000,270.79100000,235.30200000
1786597200000,81.08200000,48.96300000
1786600800000,250.02800000,43.86400000
1786604400000,1208.72600000,393.68200000
1786608000000,4551.06300000,1918.54800000
1786611600000,546.53000000,334.45200000
1786615200000,795.15700000,333.79600000
1786618800000,830.65500000,229.19000000
1786622400000,5072.24500000,2032.27100000
1786626000000,3314.23900000,1752.97900000
1786629600000,4635.14100000,992.21100000
1786633200000,2154.71500000,851.55500000
1786636800000,175.29000000,85.28100000
1786640400000,1011.65400000,81.43100000
1786644000000,320.26000000,77.25000000
1786647600000,498.16600000,276.19800000
1786651200000,2029.21800000,612.79100000
1786654800000,675.19400000,27.52700000
1786658400000,268.51100000,50.11200000
1786662000000,204.67400000,15.86800000
1786665600000,820.42800000,198.79100000
1786669200000,1931.45200000,1552.68300000
1786672800000,1596.04400000,1013.24000000
1786676400000,1213.03500000,979.84900000
1786680000000,693.86100000,535.58900000
1786683600000,502.23300000,396.29200000
1786687200000,417.94800000,289.58500000
1786690800000,1134.25000000,351.11600000
1786694400000,1620.68100000,838.03400000
1786698000000,1167.40800000,629.81800000
1786701600000,217.79200000,117.87500000
1786705200000,475.30000000,191.18100000
1786708800000,4655.34700000,818.19100000
1786712400000,3957.41900000,2152.60100000
1786716000000,1534.48300000,455.86400000
1786719600000,832.68700000,411.28200000
1786723200000,216.11700000,104.73500000
1786726800000,188.31500000,102.49700000
1786730400000,130.35000000,52.67000000
1786734000000,518.14900000,106.08000000
1786737600000,215.14500000,75.98500000
1786741200000,464.48200000,58.23600000
1786744800000,193.74200000,89.86700000
1786748400000,508.26000000,456.80600000
1786752000000,72.85300000,40.40000000
1786755600000,90.25900000,38.10400000
1786759200000,104.97800000,66.36500000
1786762800000,92.91000000,37.86200000
1786766400000,39.77000000,5.00100000
1786770000000,46.09700000,8.62300000
1786773600000,142.57800000,109.28000000
1786777200000,30.16200000,18.31200000
1786780800000,4.81900000,0.72500000
1786784400000,27.02800000,7.51100000
1786788000000,10.02800000,8.22000000
1786791600000,29.86300000,21.43300000
1786795200000,5.68400000,3.80800000
1786798800000,200.50000000,57.47200000
1786802400000,8.31600000,4.78600000
1786806000000,8.55300000,2.41400000
1786809600000,7.88500000,2.97800000
1786813200000,4.11700000,2.35700000
1786816800000,12.86100000,11.77200000
1786820400000,2.95000000,2.66500000
1786824000000,9.96000000,3.70700000
1786827600000,6.33600000,0.27100000
1786831200000,8.38500000,4.85100000
1786834800000,17.66100000,10.69300000
1786838400000,45.29400000,18.41600000
1786842000000,8.81000000,5.52900000
1786845600000,40.68900000,19.53900000
1786849200000,71.58100000,36.36300000
1786852800000,47.88000000,30.82200000
1786856400000,46.90500000,13.01100000
1786860000000,66.69800000,14.65300000
1786863600000,28.09700000,19.16000000
1786867200000,77.69900000,44.35500000
1786870800000,18.11600000,6.95200000
1786874400000,44.41500000,14.83600000
1786878000000,21.49300000,11.77100000
1786881600000,114.74300000,23.70100000
1786885200000,31.02500000,14.03100000
1786888800000,13.18000000,5.91700000
1786892400000,119.23200000,67.40200000
1786896000000,15.45400000,9.55400000
1786899600000,28.98800000,14.35800000
1786903200000,11.48900000,7.12400000
1786906800000,14.41100000,9.41200000
1786910400000,10.94100000,6.11500000
1786914000000,18.66200000,14.96900000
1786917600000,75.50700000,28.74200000
1786921200000,130.22900000,39.69900000
1786924800000,1207.11500000,626.74500000
1786928400000,413.41800000,65.98000000
1786932000000,256.85900000,61.11100000
1786935600000,422.14200000,322.32300000
1786939200000,447.96900000,283.98200000
1786942800000,771.07400000,675.61900000
1786946400000,924.73500000,625.21800000
1786950000000,946.83700000,605.66300000
1786953600000,3217.16300000,1105.96200000
1786957200000,866.84100000,483.55600000
1786960800000,896.65200000,411.65700000
1786964400000,703.44100000,382.50100000
1786968000000,918.85300000,698.40500000
1786971600000,4053.84500000,2023.11000000
1786975200000,4748.95900000,2539.37400000
1786978800000,5470.85700000,2405.49600000
1786982400000,1610.41600000,991.90000000
1786986000000,597.95800000,390.11400000
1786989600000,770.85600000,307.74200000
1786993200000,1344.10000000,436.15900000
1786996800000,562.60200000,32.55200000
1787000400000,360.53200000,227.61500000
1787004000000,183.37200000,164.01000000
1787007600000,183.48100000,162.15500000
1787011200000,209.02400000,48.99800000
1787014800000,275.91100000,117.53400000
1787018400000,2230.48100000,1814.63200000
1787022000000,1301.14700000,1159.28100000
1787025600000,493.99700000,179.99900000
1787029200000,486.11200000,10.33400000
1787032800000,1570.89600000,1509.20500000
1787036400000,916.92600000,810.23600000
1787040000000,12949.71700000,11286.27000000
1787043600000,3477.04500000,2422.88600000
1787047200000,2047.83200000,1486.50700000
1787050800000,700.44200000,203.82400000
1787054400000,934.28900000,339.94100000
1787058000000,6037.22700000,2813.16300000
1787061600000,6722.38400000,4717.82900000
1787065200000,3012.22500000,1871.65300000
1787068800000,579.41400000,330.58000000
1787072400000,358.62300000,106.97400000
1787076000000,339.49500000,223.42000000
1787079600000,11457.79000000,7335.89100000
1787083200000,6496.89700000,570.96400000
1787086800000,6992.74700000,560.74500000
1787090400000,6795.64900000,740.76200000
1787094000000,3322.71300000,892.11200000
1787097600000,4782.04300000,3960.50900000
1787101200000,1134.77300000,745.98600000
1787104800000,496.50700000,249.73100000
1787108400000,530.63300000,432.53100000
1787112000000,923.45600000,620.71600000
1787115600000,2000.03900000,631.49600000
1787119200000,8226.49000000,7060.66400000
1787122800000,10047.79200000,7960.27400000
1787126400000,8886.19800000,5072.85800000
1787130000000,1763.05100000,755.22000000
1787133600000,1146.03400000,559.94300000
1787137200000,3965.93400000,1661.31600000
1787140800000,10479.30500000,3704.59100000
1787144400000,18929.04000000,7987.77700000
1787148000000,8603.37000000,5970.04800000
1787151600000,1098.54300000,424.93500000
1787155200000,979.90400000,645.92300000
1787158800000,170.98300000,40.82300000
1787162400000,1369.57400000,635.51300000
1787166000000,2653.67100000,897.19300000
1787169600000,4029.96300000,3846.26100000
1787173200000,21922.54900000,17203.78900000
1787176800000,11745.55900000,8734.61100000
1787180400000,2271.69200000,1185.25700000
1787184000000,2682.48800000,1394.86200000
1787187600000,1733.12800000,558.46700000
1787191200000,1457.62600000,515.23300000
1787194800000,853.54600000,323.91500000
1787198400000,379.09600000,269.00700000
1787202000000,208.39100000,52.97400000
1787205600000,829.78400000,657.02800000
1787209200000,798.05900000,209.55700000
1787212800000,4251.96300000,3238.49700000
1787216400000,2195.84300000,1846.09500000
1787220000000,1250.78800000,725.33500000
1787223600000,5171.94100000,4110.03500000
1787227200000,9241.80000000,7420.24100000
1787230800000,8762.28700000,3288.56800000
1787234400000,3124.04600000,1500.03300000
1787238000000,1353.11000000,808.67300000
1787241600000,367.28700000,119.76300000
1787245200000,196.72100000,100.88800000
1787248800000,413.18300000,276.52200000
1787252400000,200.22700000,100.03100000
1787256000000,244.70800000,60.96400000
1787259600000,858.33200000,18.31200000
1787263200000,326.57500000,33.22400000
1787266800000,2824.47100000,304.62100000
1787270400000,1574.04600000,689.21500000
1787274000000,795.59900000,541.48100000
1787277600000,897.77000000,650.22900000
1787281200000,2006.24400000,131.74400000
1787284800000,505.65100000,55.76300000
1787288400000,334.66400000,37.30200000
1787292000000,531.73100000,236.51400000
1787295600000,660.07300000,337.77700000
1787299200000,13874.65300000,1066.48300000
1787302800000,1588.60400000,339.48300000
1787306400000,1302.32300000,1131.22100000
1787310000000,1523.96000000,719.61400000
1787313600000,379.35000000,163.22100000
1787317200000,12434.70700000,1781.84800000
1787320800000,3512.30800000,1706.66700000
1787324400000,2386.14700000,656.26200000
1787328000000,3015.94100000,2474.13800000
1787331600000,366.97500000,245.22500000
1787335200000,464.65400000,313.91300000
1787338800000,427.47700000,220.93800000
1787342400000,156.24300000,80.64000000
1787346000000,1202.05400000,509.07300000
1787349600000,918.15700000,451.54400000
1787353200000,1876.14700000,34.40300000
1787356800000,224.17300000,173.22500000
1787360400000,364.56000000,138.44100000
1787364000000,244.02900000,61.10700000
1787367600000,1261.11500000,1036.91700000
1787371200000,115.41300000,32.18600000
1787374800000,6463.58100000,2304.81800000
1787378400000,285.20200000,102.26100000
1787382000000,181.83600000,83.13800000
1787385600000,155.22800000,12.13000000
1787389200000,142.90200000,44.53800000
1787392800000,154.63900000,32.44000000
1787396400000,28.39500000,3.90800000
1787400000000,41.32700000,16.37900000
1787403600000,69.88300000,40.86800000
1787407200000,137.27800000,6.15300000
1787410800000,4837.70900000,1774.78500000
1787414400000,1003.00900000,141.51900000
1787418000000,90.27500000,72.58200000
1787421600000,332.34400000,189.62600000
1787425200000,79.57600000,68.86800000
1787428800000,248.42800000,124.29700000
1787432400000,830.45800000,462.60700000
1787436000000,370.09500000,131.57000000
1787439600000,46.90200000,25.19000000
1787443200000,133.11200000,38.54900000
1787446800000,38.87700000,3.33200000
1787450400000,545.64400000,342.75500000
1787454000000,224.37600000,117.83600000
1787457600000,204.97000000,69.77400000
1787461200000,412.10200000,266.05800000
1787464800000,108.82700000,38.67600000
1787468400000,69.33600000,42.20400000
1787472000000,387.31100000,235.86500000
1787475600000,93.42300000,50.49500000
1787479200000,261.72200000,71.37500000
1787482800000,141.91000000,40.84000000
1787486400000,290.77900000,137.15600000
1787490000000,345.20900000,261.62600000
1787493600000,58.73300000,34.52600000
1787497200000,193.35900000,37.73600000
1787500800000,107.95300000,36.76200000
1787504400000,13.69300000,13.64000000
1787508000000,9.62900000,5.96100000
1787511600000,59.14400000,18.85700000
1787515200000,53.31400000,48.57300000
1787518800000,105.34900000,67.61400000
1787522400000,159.25100000,80.45600000
1787526000000,51.60200000,26.89200000
1787529600000,16249.30300000,2118.81600000
1787533200000,2111.40800000,332.16500000
1787536800000,268.68600000,117.76500000
1787540400000,1646.26900000,153.47700000
1787544000000,436.14000000,218.61400000
1787547600000,570.35700000,129.36000000
1787551200000,1856.62900000,1364.66700000
1787554800000,328.71100000,134.82500000
1787558400000,1395.69900000,620.29300000
1787562000000,399.16700000,183.95200000
1787565600000,1722.15300000,477.68900000
1787569200000,1808.98800000,1315.36000000
1787572800000,1854.55400000,1123.25000000
1787576400000,10095.06900000,5527.37900000
1787580000000,4241.60900000,2818.68200000
1787583600000,1981.15900000,752.10700000
1787587200000,633.65700000,370.14600000
1787590800000,220.77600000,81.72000000
1787594400000,447.30900000,260.56300000
1787598000000,1306.18500000,383.72200000
1787601600000,7857.04600000,7706.65700000
1787605200000,2528.92200000,2342.02100000
1787608800000,599.70500000,479.06700000
1787612400000,1106.07900000,718.22700000
1787616000000,621.63100000,269.76300000
1787619600000,997.74000000,406.13100000
1787623200000,1151.90300000,621.93100000
1787626800000,809.21100000,432.44600000
1787630400000,452.22900000,251.34200000
1787634000000,938.03100000,277.70000000
1787637600000,848.72800000,336.19800000
1787641200000,1027.39500000,577.33900000
1787644800000,2922.71100000,1980.22900000
1787648400000,2116.65800000,552.93800000
1787652000000,1705.52600000,265.33100000
1787655600000,1928.28600000,484.15700000
1787659200000,9423.90200000,637.80100000
1787662800000,6807.02700000,2965.33700000
1787666400000,4872.86400000,2526.07100000
1787670000000,1658.94500000,1069.02800000
1787673600000,448.40100000,271.97000000
1787677200000,173.32400000,120.64600000
1787680800000,392.50000000,272.69600000
1787684400000,146.92700000,61.09500000
